id,year,to,title,type,place,place_id,person_ids,cite_grade,cite_source,topics,note
e317-00,317,,晋室南渡，元帝建都建康，江南成为汉地佛教新中心,政治,建康,,,A,《晋书》卷六·元帝纪,liuchao,建初寺（247年康僧会所建）为建康最早寺院，南渡后北方僧人（帛尸梨蜜多罗、竺道潜、支遁等）陆续南来。
e326-01,326,,传西天竺僧慧理至武林山建灵隐寺,建寺,钱唐（杭州）,lingyin,huili,D,《咸淳临安志》卷八十（南宋）,liuchao,六朝文献无载，为宋以后寺志传统说法；地图上宜标「传说」。
e340-02,340,,庾冰辅政，下诏令沙门尽敬王者，何充等奏驳，未行,政治,建康,,,A,《弘明集》卷十二《庾冰与何充等议沙门不应尽敬》诸文；《高僧传》卷一·帛尸梨蜜多罗传附,liuchao,东晋「沙门敬王」之争第一回合。
e350-03,350,,支遁入剡县，先后于沃洲小岭、石城山立寺讲学（约350–362）,人物,剡县（嵊州/新昌）,dafo,,B,《高僧传》卷四·支遁传,liuchao,支遁与王羲之、谢安等交游，是会稽、剡县成为东晋名士佛教中心的标志；入剡年份据传文推算；太和元年（366）卒于石城山栖光寺，年五十三（《高僧传》卷四，A级）。
e364-04,364,,建康瓦官寺建成，顾恺之画维摩诘像募得百万钱,建寺,建康,waguan,,B,《高僧传》卷五·竺法汰传；《京师寺记》（《太平御览》引）；《历代名画记》卷五,liuchao,兴宁二年由慧力启建；竺法汰、竺道生、智顗均曾住此寺。
e378-05,378,,前秦围襄阳，道安分张徒众，慧远等南下荆州,战乱,襄阳→荆州,,huiyuan,A,《高僧传》卷五·道安传；卷六·慧远传,liuchao,道安北入长安、慧远南下庐山，是南北佛教分途的起点。
e381-06,381,,慧远至庐山，止西林寺,人物,庐山,,huiyuan,B,《高僧传》卷六·慧远传,liuchao,入山年份为学界推算，或作384年。
e386-07,386,,桓伊为慧远建东林寺,建寺,庐山,,huiyuan,A,《高僧传》卷六·慧远传,liuchao,太元十一年。
e402-08,402,,慧远与刘遗民等于庐山建斋立誓，共期西方,人物,庐山,,huiyuan,B,《高僧传》卷六·慧远传；《出三藏记集》卷十五,liuchao,元兴元年。后世称「白莲社」为唐宋以后追称。
e404-09,404,,桓玄令沙门礼敬王者，慧远作《沙门不敬王者论》,政治,庐山/建康,,huiyuan,A,《弘明集》卷五、卷十二；《高僧传》卷六·慧远传,liuchao,桓玄先于402年沙汰沙门，403年篡位后重提敬王，慧远此论确立南朝沙门不拜俗的传统。
e410-10,410,,佛驮跋陀罗被摈出长安，南下庐山译《达摩多罗禅经》，后至建康道场寺,译经,庐山→建康,,,A,《高僧传》卷二·佛驮跋陀罗传；《出三藏记集》卷九,liuchao,义熙六年至庐山，约412年应刘裕之邀入建康。 罗什长安译场（401–413）译出《法华》《维摩》等，道生、慧观等南方僧人往学后带回建康。
e412-11,412,,法显海路归国，漂至青州牢山登陆,译经,青州牢山（崂山）,,faxian,A,《法显传》；《高僧传》卷三,liuchao,法显399年自长安西行，经敦煌、于阗、天竺、师子国，义熙八年（412）七月海路漂至牢山。
e413-12,413,,法显至建康道场寺，与佛驮跋陀罗共译《摩诃僧祇律》《大般泥洹经》,译经,建康,,faxian,A,《高僧传》卷三·法显传；《出三藏记集》卷八《六卷泥洹记》,liuchao,《摩诃僧祇律》416年译出，六卷《泥洹经》417–418年译出，直接触发竺道生的佛性论争。道场寺遗址在今南京中华门外，未定。
e416-13,416,,慧远卒于庐山东林寺,人物,庐山,,huiyuan,A,《高僧传》卷六·慧远传,liuchao,义熙十二年，年八十三。
e418-14,418,,佛驮跋陀罗于道场寺译六十卷《华严经》（418–420）,译经,建康,,,A,《出三藏记集》卷九《华严经记》；《高僧传》卷二,liuchao,义熙十四年三月始译，元熙二年六月讫。
e428-15,428,,竺道生倡「一阐提皆得成佛」，被建康僧团摈逐，退居虎丘,人物,建康→吴郡虎丘,yunyan,zhudaosheng,B,《高僧传》卷七·竺道生传,liuchao,年份据传文「大本涅槃未至」推定在428–429年间。
e430-16,430,,昙无谶译大本《涅槃经》传至建康，证实道生说；后慧严、慧观、谢灵运改治为「南本」,译经,建康,,,B,《高僧传》卷七·竺道生传、慧严传；《出三藏记集》卷八,liuchao,元嘉七年前后传至建康；南本改治时间约在元嘉中（430年代）。
e435-17,435,,昙摩蜜多于钟山建定林上寺,建寺,建康钟山,sdl,,A,《高僧传》卷三·昙摩蜜多传,liuchao,元嘉十二年；后为僧祐、刘勰所居，钟山考古遗址即此。
e435-18,435,,求那跋陀罗自海路至广州，元嘉十二年入建康祇洹寺，译《杂阿含》《楞伽》等,译经,广州→建康,,,A,《高僧传》卷三·求那跋陀罗传；《出三藏记集》卷二,liuchao,宋文帝遣使迎至京；后住丹阳郡、荆州辛寺，卒于468年。
e462-19,462,,宋孝武帝下令沙门致敬人主，佛教界抗议，未久废止,政治,建康,,,A,《宋书》卷六·孝武帝纪（大明六年九月）；《弘明集》卷十二,liuchao,刘宋「沙门敬王」之争；前废帝即位后于465年复旧。
e487-20,487,,齐竟陵王萧子良于建康西邸集僧俗讲经、造经呗，永明佛教文学集团形成,人物,建康鸡笼山,,,A,《南齐书》卷四十·竟陵文宣王子良传；《高僧传》卷十三,liuchao,永明五年移居鸡笼山邸，招致名僧，范云、沈约、萧衍等「竟陵八友」预焉。
e489-21,489,,明僧绍舍摄山宅为栖霞精舍，法度居之，齐梁间凿千佛岩,建寺,建康摄山,qixia,,B,《高僧传》卷八·法度传；江总《摄山栖霞寺碑》（《艺文类聚》卷七十六）,liuchao,《高僧传》记「齐永明中」舍宅，明僧绍489年卒，法度立寺通常系于永明七年（489）；千佛岩开凿约在494年以后。
e495-22,495,,齐建武中僧护发愿凿剡县石城山弥勒大像；僧淑续之，僧祐于 516 年完成,建寺,剡县石城山,dafo,sengyou,A,《高僧传》卷十三·僧护传；《续高僧传》卷十一·僧祐传,liuchao,《高僧传》作齐建武中（494—498）始凿，后世碑志推作永明四年（486）；天监十五年毕功，即今新昌大佛。
e502-23,502,,萧衍代齐建梁；天监三年（504）宣布舍道归佛,政治,建康,,,B,《梁书》卷一·武帝纪；《广弘明集》卷四《舍事李老道法诏》,liuchao,舍道诏文仅见《广弘明集》，其真伪与年份学界有争议，故标B。
e511-24,511,,梁武帝颁《断酒肉文》，敕僧尼永断酒肉，汉传佛教素食制度定型,政治,建康,,,B,《广弘明集》卷二十六《断酒肉文》,liuchao,年份不详，学界推定在天监十年至十六年之间（511–517）。
e514-25,514,,宝志卒，梁武帝葬之于钟山独龙阜，建开善寺,建寺,建康钟山,kaishan,baozhi,A,《高僧传》卷十·保志传,liuchao,天监十三年。
e515-26,515,,僧祐《出三藏记集》成书（现存最早经录），518年僧祐卒于建初寺,人物,建康,dinglin,sengyou,B,《出三藏记集》序；《续高僧传》卷十一·僧祐传,liuchao,定本年份为推算；僧祐居钟山定林上寺。
e519-27,519,,慧皎《高僧传》成书,人物,会稽嘉祥寺,jiaxiang,,B,《高僧传》卷十四·序录；《续高僧传》卷六·慧皎传,liuchao,序录称记至天监十八年（519），成书当在此后不久；慧皎为会稽上虞人，住嘉祥寺，卒于554年。
e520-28,520,,传菩提达摩至建康见梁武帝，问答不契，北渡至魏,人物,建康,,damo,D,《历代法宝记》《景德传灯录》卷三（后出）；《续高僧传》卷十六仅记「初达宋境南越，末又北度至魏」,liuchao,传说；年份各书作普通元年或七年，与《续高僧传》「宋境」不合。
e527-29,527,,同泰寺建成；三月梁武帝首次舍身同泰寺,政治,建康,tongtai,,A,《梁书》卷三·武帝纪下（大通元年）；《南史》卷七·梁本纪中,liuchao,大通元年。此后529年（群臣以钱一亿万奉赎）、546年、547年又三次舍身。
e535-30,535,,傅翕（傅大士）应召入建康，于重云殿与梁武帝论义,人物,建康,dinglin,fuxi,B,《善慧大士录》卷一（唐）,liuchao,大同元年，先居钟山定林寺。
e547-31,547,,梁武帝第四次舍身同泰寺（此前529、546年两度舍身，皆由群臣以亿钱奉赎）,政治,建康,tongtai,,A,《梁书》卷三·武帝纪下（太清元年）；《南史》卷七,liuchao,太清元年。四次舍身分见《梁书·武帝纪下》大通元年、中大通元年、中大同元年、太清元年条；南朝崇佛的顶点，翌年侯景之乱爆发。
e548-32,548,,真谛抵建康，梁武帝拟置译场；八月侯景举兵反,译经,建康,,zhendi,A,《续高僧传》卷一·拘那罗陀传；《梁书》卷五十六·侯景传,liuchao,太清二年。真谛随即避乱富春，在陆元哲宅译《十七地论》。
e549-33,549,,侯景攻陷台城，梁武帝饿死；建康寺塔多毁，僧众流散（548–552）,战乱,建康,,,A,《梁书》卷五十六·侯景传；《南史》卷八十；《续高僧传》卷一,liuchao,侯景之乱是南朝佛教由盛转衰的转折；552年王僧辩、陈霸先克建康。
e563-34,563,,真谛于广州制旨寺译《摄大乘论》，摄论学派兴起,译经,广州,,zhendi,A,《续高僧传》卷一·拘那罗陀传；《历代三宝纪》卷九,liuchao,天嘉四年（陈霸先557年代梁建陈，陈诸帝续崇佛）；摄论学后由弟子传入建康、长安。
e567-35,567,,智顗至建康，住瓦官寺八年讲《法华》,人物,建康,waguan,zhiyi,A,《续高僧传》卷十七·智顗传；《隋天台智者大师别传》,liuchao,陈光大元年。
e569-36,569,,傅翕卒于义乌双林；同年真谛卒于广州,人物,义乌双林,shuanglin,fuxi|zhendi,B,《善慧大士录》卷一；《续高僧传》卷一,liuchao,太建元年。
e575-37,575,,智顗入天台山，于佛陇建修禅寺,建寺,天台,guoqing,zhiyi,A,《续高僧传》卷十七·智顗传；《国清百录》,liuchao,太建七年；国清寺（天台寺）于智顗身后598年建成，此处以 guoqing 代指天台山。
e585-38,585,,陈后主诏智顗回建康，于太极殿、光宅寺讲《法华》,人物,建康,,zhiyi,A,《续高僧传》卷十七·智顗传；《隋天台智者大师别传》,liuchao,至德三年，《法华文句》即此时讲说。
e589-39,589,,隋灭陈，建康城邑宫室平荡耕垦，南朝佛寺格局终结,战乱,建康,,,A,《隋书》卷二·高祖纪下；《隋书》卷三十一·地理志下（丹阳郡条）,liuchao,开皇九年正月。智顗离建康赴庐山；江南佛教中心随之向天台、扬州转移。
l890-00,890,,钱镠筑杭州新夹城,城建,凤凰山州治,,qianliu,A,《吴越备史》卷一（大顺元年闰九月）,linan,大顺元年闰九月，环包氏山、秦望山，凡五十余里
l893-01,893,,钱镠筑杭州罗城,城建,杭州罗城,,qianliu,A,《吴越备史》卷一（景福二年七月丁丑）；《咸淳临安志》卷十八《城郭》,linan,景福二年七月丁丑，发十三都兵及役徒二十余万，凡七十里；为南宋临安城垣前身（第一城垣期）
l907-02,907,,后梁封钱镠为吴越王,政治,杭州,,qianliu,A,《新五代史》卷六十七《吴越世家第七》,linan,一般以此作为吴越国起点；正式建国称“吴越国王”在923年
l910-03,910,,钱镠筑钱塘江捍海塘,城建,候潮门—六和塔江岸,,qianliu,A,《吴越备史》卷二（开平四年八月）；《咸淳临安志》卷三十一《捍海塘》,linan,开平四年八月，在候潮、通江门外；强弩射涛头之说已见北宋初《吴越备史》
l923-04,923,,钱镠受册吴越国王，建国仪制,政治,杭州,,qianliu,A,《新五代史》卷六十七《吴越世家第七》,linan,龙德三年，置百官，仍奉中原正朔
l932-05,932,,钱镠卒，葬临安县,政治,临安县钱王陵,,qianliu,A,《吴越备史》卷二；《新五代史》卷六十七,linan,长兴三年卒；应顺元年（934）正月葬茅山之原
l948-06,948,,钱俶即位,政治,杭州,,qianchu,A,《新五代史》卷六十七《吴越世家第七》,linan,胡进思废钱倧（947年末至948年初）
l954-07,954,,建慧日永明院（净慈寺）,宗教,南屏山,,qianchu,B,《咸淳临安志》卷七十八《报恩光孝禅寺（即净慈）》,linan,
l970-08,970,,建六和塔,宗教,月轮山,,qianchu,B,《咸淳临安志》卷八十二《六和塔》,linan,开宝三年延寿主持，镇江潮；绍兴二十二年奉旨重造，僧智昙成之（七层而止）
l977-09,977,,雷峰塔（黄妃塔）建成,宗教,夕照山,,qianchu,B,钱俶《华严经跋》（《咸淳临安志》卷八十二《雷峰塔》收录）；雷峰塔地宫考古报告,linan,始建约972年，塔成年份据塔砖《华严经跋》推定，诸说975/977不一；1924年倒塌，2002年重建
l978-10,978,,钱俶纳土归宋,政治,东京开封府,,qianchu,A,《宋史》卷四《太宗纪一》（太平兴国三年五月乙酉）,linan,太平兴国三年五月，献十三州一军；杭州免于战火
l989-11,989,,杭州置两浙市舶司,经济,杭州,,,B,《宋会要辑稿》职官四四《市舶司》（端拱二年五月）,linan,端拱二年；此后屡有迁置
l1050-12,1050,,范仲淹知杭州，兴工役以赈饥,经济,杭州,,,A,沈括《梦溪笔谈》卷十一《官政一》,linan,皇祐二年吴中大饥，纵民竞渡、兴修寺观以工代赈
l1071-13,1071,,苏轼通判杭州,文化,凤凰山州治,,sushi,A,《宋史》卷三百三十八《苏轼传》；王宗稷《东坡先生年谱》“十一月到任”,linan,至1074年
l1073-14,1073,,陈襄、苏轼修复钱塘六井,城建,相国井等六井,,sushi,A,苏轼《钱塘六井记》（《东坡全集》卷三十五）,linan,熙宁五至六年
l1089-15,1089,,苏轼知杭州，设病坊,政治,杭州州治,,sushi,A,《宋史》卷三百三十八《苏轼传》,linan,元祐四年七月到任，至六年三月召还；饥疫中设病坊（后世称安乐坊）
l1090-16,1090,,苏轼浚西湖、筑苏堤,城建,西湖苏堤,,sushi,A,《宋史》卷三百三十八《苏轼传》；苏轼《杭州乞度牒开西湖状》（《东坡全集》卷五十七）,linan,元祐五年四月二十九日上《杭州乞度牒开西湖状》；堤成，杭人名为苏公堤
l1120-17,1120,,方腊攻陷杭州,战乱,杭州,,,A,《宋史》卷二十二《徽宗纪四》（宣和二年十二月）,linan,宣和二年十二月陷杭州，焚掠；次年二月童贯、王渊军收复
l1127-18,1127,,靖康之变，赵构应天府即位,政治,应天府,,zhaogou|qinhui,A,《宋史》卷二十四《高宗纪一》,linan,北宋亡，南宋始
l1129-19,1129,,苗刘兵变,政治,杭州州治,,zhaogou,A,《宋史》卷二十五《高宗纪二》,linan,建炎三年三月，四月韩世忠、张浚等平定
l1129-20,1129,,升杭州为临安府,政治,杭州,,zhaogou,A,《宋史》卷二十五《高宗纪二》（建炎三年七月辛卯）；《建炎以来系年要录》卷二十五同日,linan,建炎三年七月辛卯
l1130-21,1130,,兀术陷临安，焚城而去,战乱,临安城,,zhaogou,A,《建炎以来系年要录》卷三十、三十一,linan,建炎三年十二月（公历1130年1月）金兵陷临安府；四年二月庚辰起纵火三日夜，丙戌退军，旋遭韩世忠黄天荡阻击
l1132-22,1132,,高宗还临安，以州治为行宫,政治,凤凰山大内,,zhaogou|liqingzhao,A,《宋史》卷二十七《高宗纪四》（绍兴二年正月）,linan,绍兴二年正月
l1132-23,1132,,临安大火（绍兴二年）,灾异,临安城,,,A,《宋史》卷六十三《五行志二上·火》,linan,绍兴二年五月庚辰大火，亘六七里，燔万数千家；十二月甲午行都又大火，燔吏、刑、工部、御史台及民居、军垒
l1134-24,1134,,李清照作《金石录后序》,文化,临安,,liqingzhao,B,李清照《金石录后序》署款,linan,作年有绍兴二年、四年两说
l1138-25,1138,,定都临安行在,政治,凤凰山大内,,zhaogou|qinhui,A,《宋史》卷二十九《高宗纪六》（绍兴八年二月）,linan,绍兴八年二月戊寅自建康还临安；名义上仍称“行在所”
l1141-26,1141,,绍兴和议,政治,临安,,zhaogou|qinhui|yuefei,A,《宋史》卷二十九《高宗纪六》（绍兴十一年十一月）,linan,绍兴十一年十一月议定，以淮水中流画疆，割唐、邓二州，岁奉银绢各二十五万
l1142-27,1142,,岳飞遇害于大理寺狱,政治,临安大理寺（时在钱塘门内）,,yuefei|qinhui|zhaogou,A,《建炎以来系年要录》卷一百四十三；《宋史》卷二十九；《咸淳临安志》卷六《大理寺》,linan,绍兴十一年十二月癸巳，公历1142年1月27日。时大理寺在钱塘门内，绍兴二十年才迁往仁和县西（今小车桥一带）
l1143-28,1143,,以岳飞故宅建太学,文化,前洋街（众安桥西北）,,yuefei,B,《咸淳临安志》卷十一《太学》,linan,绍兴十三年六月以岳飞宅建太学（在前洋街）；明吴讷跋作绍兴十四年正月
l1143-29,1143,,建太庙、景灵宫，定郊丘,城建,瑞石山下太庙（今紫阳山东麓）,,zhaogou,B,《咸淳临安志》卷三《太庙》；同卷《景灵宫》“绍兴十三年臣寮言”,linan,太庙始建于绍兴四年，绍兴十三年前后扩建并建景灵宫、圜丘（今八卦田一带）；各项年份请分别核《宋会要》
l1145-30,1145,,赐秦桧第于望仙桥,政治,望仙桥,,qinhui,A,《建炎以来系年要录》卷一百五十三；《咸淳临安志》卷二《德寿宫》,linan,绍兴十五年四月丙子朔；第址“望仙桥东”据《咸淳临安志》，后改筑德寿宫
l1153-31,1153,,陆游锁厅试第一，因秦埙被黜,文化,临安贡院,,luyou|qinhui,B,《宋史》卷三百九十五《陆游传》,linan,次年礼部试
l1155-32,1155,,秦桧卒,政治,望仙桥府第,,qinhui,A,《宋史》卷四百七十三《秦桧传》,linan,
l1160-33,1160,,行在会子务发行东南会子,经济,临安,,,A,《宋史》卷一百八十一《食货志下三·会子》；卷三十二《高宗纪九》“丙辰，置行在会子务”,linan,绍兴三十年钱端礼被旨造会子；三十一年二月丙辰置行在会子务
l1161-34,1161,,完颜亮南侵，“立马吴山第一峰”,战乱,吴山,,,D,明田汝成《西湖游览志余》卷十；罗大经《鹤林玉露》丙编卷一只记金主亮闻柳词“遂起投鞭渡江之志”,linan,采石之战虞允文破金；题诗之事出宋人笔记，属传闻
l1162-35,1162,,高宗内禅，退居德寿宫,政治,德寿宫（望仙桥东）,,zhaogou,A,《建炎以来系年要录》卷二百；《宋史》卷三十二；《咸淳临安志》卷二“即秦桧旧第筑新宫”,linan,秦桧旧第收回后改建，称北内；遗址已考古发掘
l1162-36,1162,,孝宗诏复岳飞官，改葬栖霞岭,政治,栖霞岭,,yuefei,A,《宋史》卷三十三《孝宗纪一》,linan,改葬一说在隆兴元年（1163）
l1169-37,1169,,周淙《乾道临安志》成书,文化,临安府治,,,C,《四库全书总目》卷六十八《乾道临安志》提要,linan,原本十五卷，现存三卷
l1170-38,1170,,辛弃疾延和殿召对，上《九议》,政治,凤凰山大内,,xinqiji,A,《宋史》卷四百一《辛弃疾传》,linan,
l1179-39,1179,,岳飞谥武穆,政治,临安,,yuefei,A,《宋史》卷三百六十五《岳飞传》,linan,淳熙六年
l1186-40,1186,,陆游作《临安春雨初霁》,文化,临安（寓所，一说砖街巷）,,luyou,B,陆游《临安春雨初霁》（《剑南诗稿》卷十七）,linan,淳熙十三年春
l1187-41,1187,,高宗崩于德寿宫,政治,德寿宫,,zhaogou,A,《宋史》卷三十二《高宗纪九》,linan,葬会稽永思陵
l1194-42,1194,,绍熙内禅；朱熹入侍经筵（立朝约四十余日）,政治,凤凰山大内经筵,,zhuxi,A,《宋史》卷四百二十九《朱熹传》；《朱子年谱》卷三,linan,七月宁宗即位；十月己丑朱熹入国门，任焕章阁待制兼侍讲；闰十月丙子御批除宫观，戊寅罢
l1197-43,1197,,庆元党禁（伪学逆党籍）,政治,临安,,zhuxi,A,《宋史》卷四百七十四《奸臣四·韩侂胄传》,linan,庆元元年（1195）起禁伪学，三年立党籍五十九人
l1201-44,1201,,嘉泰元年临安大火,灾异,临安城内（御史台至城北）,,,A,《宋史》卷六十三《五行志二上·火》；卷三十八《宁宗纪二》“戊寅，临安大火，四日乃灭”,linan,嘉泰元年三月戊寅起火，至四月辛巳（四日乃灭），火起宝莲山御史台吏杨浩家，燔御史台、司农寺、将作军器监、太史局等；延烧58097家，死59人，城中庐舍“九毁其七”
l1203-45,1203,,陆游修国史毕，离临安,文化,国史院,,luyou,A,《宋史》卷三百九十五《陆游传》,linan,
l1204-46,1204,,追封岳飞鄂王；辛弃疾召见,政治,临安,,yuefei|xinqiji,A,《宋史》卷三十八《宁宗纪二》（嘉泰四年五月癸未）,linan,嘉泰四年五月追封岳飞鄂王（《岳飞传》作“嘉定四年”，当以本纪为准）；同年正月辛弃疾入见
l1204-47,1204,,嘉泰四年临安大火，延及三省六部,灾异,临安城（三省六部、和宁门一带）,,,A,《宋史》卷六十三《五行志二上·火》；卷三十八《宁宗纪二》“三月丁卯，临安大火，迫太庙”,linan,嘉泰四年三月丁卯大火，燔尚书中书省、枢密院、六部、右丞相府等，延及学士院、内酒库，太庙神主暂奉景灵宫；燔二千七十余家
l1207-48,1207,,韩侂胄被杀于玉津园,政治,嘉会门外玉津园,,,A,《宋史》卷三十八《宁宗纪二》（开禧三年十一月乙亥）,linan,开禧北伐失败后，史弥远等伏杀；次年嘉定和议函首送金
l1221-49,1221,,岳飞墓旁建褒忠衍福禅寺（岳庙前身）,宗教,栖霞岭,,yuefei,C,明《西湖游览志》卷八；《咸淳临安志》卷七十九目录“褒忠衍福院”,linan,嘉定十四年
l1231-50,1231,,绍定四年大火，延及太庙,灾异,太庙一带,,,A,《宋史》卷四十一《理宗纪一》；卷一百七《礼志十·宗庙之制》“绍定四年九月丙戌，京师大火，延及太庙”,linan,绍定四年九月丙戌夜，火发民家，延及太庙；理宗素服视朝，减膳彻乐
l1241-51,1241,,理宗幸太学，诏周程张朱从祀,文化,太学,,zhuxi,A,《宋史》卷一百五《礼志八·文宣王庙》,linan,淳祐元年，理学定为官学；立《道统十三赞》碑
l1247-52,1247,,赵与𥲅浚治西湖,城建,西湖,,,B,《咸淳临安志》卷三十三《山川·六井》,linan,淳祐七年大旱湖涸后开浚
l1252-53,1252,,施谔《淳祐临安志》成书,文化,临安,,,C,《淳祐临安志》残本,linan,残存六卷
l1256-54,1256,,文天祥集英殿廷试第一,文化,凤凰山大内集英殿,,wentianxiang,A,《宋史》卷四百一十八《文天祥传》,linan,宝祐四年
l1262-55,1262,,贾似道得赐葛岭集芳园，营后乐园、半闲堂,城建,葛岭,,,B,周密《武林旧事》卷五《湖山胜概》；《宋史》卷四百七十四《贾似道传》“赐第葛岭”,linan,赐园年份一说景定三年（1262），宅第营建延续至咸淳间
l1268-56,1268,,潜说友《咸淳临安志》成书,文化,临安府治,,,C,《咸淳临安志》潜说友序；《四库全书总目》卷六十八,linan,一百卷，今存九十五卷；刊刻约在咸淳四年至七年间
l1273-57,1273,,襄阳陷落,战乱,襄阳,,,A,《宋史》卷四十六《度宗纪》（咸淳九年二月）,linan,咸淳九年二月吕文焕以城降元，临安门户洞开
l1274-58,1274,,吴自牧《梦粱录》自序,文化,临安,,,A,吴自牧《梦粱录》自序,linan,序署甲戌（1274），实成书或在宋亡后
l1275-59,1275,,丁家洲溃败，贾似道贬死木绵庵,战乱,芜湖丁家洲,,,A,《宋史》卷四百七十四《贾似道传》；卷四十七“虎臣与大元兵战于丁家洲，败绩”,linan,二月溃败；同年被郑虎臣杀于漳州木绵庵
l1276-60,1276,,德祐投降，伯颜入临安,政治,皋亭山元营/临安大内,,wentianxiang,A,《元史》卷九《世祖纪六》（至元十三年正月甲申，次皋亭山）,linan,正月甲申元军次皋亭山，宋遣使奉传国玺及降表诣军前；文天祥等至明因寺见伯颜被扣；三月伯颜入临安，丁丑宋主与全太后出宫北迁
l1276-61,1276,,元禁修城郭，临安城垣渐圮,城建,临安城,,,C,明田汝成《西湖游览志》卷十三,linan,明人记元代禁天下修城，杭城“日毁”；未见元军入城即拆毁杭州城墙的记载。《元史·世祖纪》所载“隳城”有沿淮、襄汉、吉抚诸城，不含杭州。宜标“约1276–1350s”
l1277-62,1277,,南宋故宫火,灾异,凤凰山故宫,,,C,田汝成《西湖游览志》卷七,linan,至元十四年宫室失火，殿宇大半焚毁
l1278-63,1278,,杨琏真迦发宋六陵,宗教,会稽宋六陵,,zhaogou|zhoumi,B,周密《癸辛杂识》别集上《杨髠发陵》；罗有开《唐义士传》（《南村辍耕录》卷四引）；《元史》卷十三《世祖纪十》,linan,年份三说：①罗有开《唐义士传》作“岁戊寅”（1278）十二月十二日；②周密《癸辛杂识》录告状作至元二十二年（乙酉，1285）八月、十一月；③《元史·世祖纪十》至元二十一年（1284）九月已有“杨琏真加发宋陵冢所收金银宝器修天衣寺”
l1279-64,1279,,崖山海战，南宋亡,战乱,崖山,,wentianxiang,A,《宋史》卷四十七《瀛国公纪附二王》,linan,
l1283-65,1283,,文天祥柴市就义,政治,大都柴市,,wentianxiang,A,《宋史》卷四百一十八《文天祥传》,linan,至元十九年十二月初九，公历1283年1月9日
l1284-66,1284,,江淮行省治所迁杭州,政治,杭州（故宋宫附近）,,,A,《元史》卷十三《世祖纪十》（至元二十一年二月）；卷九十一《百官志七》,linan,至元二十一年二月徙江淮行省于杭州；二十三年七月忙兀带奏请复徙扬州，从之；二十八年十二月改江浙行省，治杭州
l1287-67,1287,,马可·波罗所记“行在”（约1280年代）,经济,杭州,,marcopolo,C,《马可波罗行纪》第二卷“行在城”章,linan,年份为推算；到访真实性有争议
l1288-68,1288,,杨琏真迦于宋故宫址建五寺一塔（报成）,宗教,凤凰山故宫,,,A,《元史》卷十五《世祖纪十二》（至元二十五年二月）；明《西湖游览志》卷七,linan,至元二十五年二月奏报塔一、寺五已成。五寺据《西湖游览志》为报国、兴元、般若、仙林、尊胜；塔形如壶，俗称白塔（镇南塔）
l1290-69,1290,,周密《武林旧事》约成书,文化,杭州癸辛街,,zhoumi,C,周密《武林旧事》序,linan,成书年份为推定
l1291-70,1291,,改江浙行省，治杭州,政治,杭州,,,A,《元史》卷十六《世祖纪十三》（至元二十八年十二月）,linan,至元二十八年
l1359-71,1359,,张士诚改筑杭州城，东拓三里、截凤山于外,城建,杭州城,,,A,贡师泰《杭州新城碑》（雍正《浙江通志》卷二十三·城池引）,linan,至正十九年七月十三日开工，十月完工；门十三
y-486-00,-486,,吴王夫差筑邗城、开邗沟，沟通江淮,开凿,邗城（今扬州）,,fuchai,A,《左传》哀公九年（转引自通典卷一八一州郡十一）,yunhe,《左传》哀公九年“秋，吴城邗，沟通江淮”，为运河最早的明确纪年；此处据《通典》转引。
y-482-01,-482,,夫差开深沟于商鲁之间（菏水），北会黄池,开凿,今山东定陶—鱼台一带,,fuchai,A,《国语》卷十九·吴语,yunhe,沟通济水与泗水，使江淮舟师可达济、河。
y-473-02,-473,,越灭吴，夫差自刭,政治,姑苏（今苏州）,,fuchai,A,《史记》卷三十一·吴太伯世家,yunhe,
y-361-03,-361,,魏惠王开鸿沟，引河水入圃田，通宋、郑、陈、蔡,开凿,大梁（今开封）,,,A,《水经注》卷二十二·渠水（引竹书纪年）,yunhe,年份有争议：《竹书纪年》系于魏惠成王十年（前361/前360，视惠王元年为前370或前369而异），另有惠成王三十一年（前339）“为大沟于北郛”之第二期工程。《史记·河渠书》记“荥阳下引河东南为鸿沟”而无年。
y-361-04,-361,,《史记·河渠书》：鸿沟通宋郑陈蔡曹卫，与济汝淮泗会,开凿,荥阳—大梁,,,A,《史记》卷二十九·河渠书,yunhe,对鸿沟水系的总述。
y-203-05,-203,,楚汉以鸿沟为界中分天下,政治,鸿沟（今荥阳—开封）,,,A,《史记》卷七·项羽本纪,yunhe,
y-129-06,-129,,汉武帝穿漕渠，引渭水自长安至黄河，岁漕关东谷,开凿,长安—潼关,,,A,《汉书》卷二十九·沟洫志（年份据卷六武帝纪元光六年“春，穿漕渠通渭”）,yunhe,《汉书·沟洫志》记郑当时建言穿渠；年份据《汉书·武帝纪》元光六年（前129）。
y204-07,204,,曹操遏淇水入白沟以通粮道,开凿,淇水口（今河南浚县）,,,A,《三国志》卷一·魏书武帝纪,yunhe,白沟为隋永济渠的前身之一。
y584-08,584,,隋文帝命宇文恺凿广通渠，引渭水自大兴城东至潼关,开凿,大兴城—潼关,,,A,《隋书》卷二十四·食货志,yunhe,开皇四年。
y587-09,587,,隋文帝于扬州开山阳渎以通运漕,开凿,山阳—扬州,,,A,《隋书》卷一·高祖纪上,yunhe,开皇七年四月庚戌，整治邗沟故道以备伐陈。
y604-10,604,,杨广即皇帝位,政治,仁寿宫,,yangdi,A,《隋书》卷三·炀帝纪上,yunhe,
y605-11,605,,炀帝营建东京洛阳,政治,洛阳,,yangdi,A,《隋书》卷三·炀帝纪上,yunhe,大业元年三月。
y605-12,605,,开通济渠：自西苑引谷、洛水达河，自板渚引河通淮,开凿,板渚（今荥阳汜水）,,yangdi,A,《隋书》卷三·炀帝纪上,yunhe,大业元年三月辛亥，发河南诸郡男女百余万。
y605-13,605,,重开邗沟：发淮南民十余万，自山阳至扬子入江,开凿,山阳（今淮安）,,yangdi,A,《资治通鉴》卷一百八十·隋纪四,yunhe,渠广四十步，旁筑御道植柳，自长安至江都置离宫四十余所。
y605-14,605,,麻叔谋开河传说（《开河记》）,文化,大梁—睢阳—淮口,,mashumou,D,《开河记》（唐宋传奇）,yunhe,《开河记》为唐宋传奇，麻叔谋不见正史，属文学虚构。
y605-15,605,,炀帝御龙舟首幸江都，舳舻相接二百余里,政治,江都（今扬州）,,yangdi,A,《隋书》卷三·炀帝纪上,yunhe,大业元年八月壬寅。
y608-16,608,,开永济渠：引沁水南达于河，北通涿郡,开凿,沁水口（今武陟）—涿郡,,yangdi,A,《隋书》卷三·炀帝纪上,yunhe,大业四年正月乙巳，发河北诸郡男女百余万。
y610-17,610,,穿江南河，自京口至余杭八百余里,开凿,京口—余杭,,yangdi,A,《资治通鉴》卷一百八十一·隋纪五,yunhe,大业六年十二月。
y611-18,611,,炀帝自江都入通济渠赴涿郡，以运河转粮征高丽,漕运,扬子津→涿郡,,yangdi,A,《资治通鉴》卷一百八十一·隋纪五,yunhe,大业七年；发江淮民夫及船运黎阳、洛口仓米至涿郡，舳舻相次千余里。
y616-19,616,,炀帝三下江都,政治,江都（今扬州）,,yangdi,A,《隋书》卷四·炀帝纪下,yunhe,大业十二年七月甲子。
y618-20,618,,江都之变，宇文化及弑炀帝,政治,江都宫,,yangdi,A,《隋书》卷四·炀帝纪下,yunhe,大业十四年三月。
y618-21,618,,宇文化及渡永济渠，与李密战于童山,战乱,童山（今河南浚县）,,,A,《隋书》卷七十·李密传,yunhe,永济渠沿线黎阳仓之争。
y714-22,714,,李杰浚汴州梁公堰，江淮漕运复通,漕运,汴州（今开封）,,,A,《旧唐书》卷四十九·食货志下,yunhe,开元二年。
y733-23,733,,裴耀卿建言分段转运（转般法），拜相充江淮河南转运使,漕运,长安—洛阳,,peiyaoqing,A,《新唐书》卷五十三·食货志三,yunhe,开元二十一年建言并拜黄门侍郎同平章事；二十二年八月置河阴县、仓（见下）。
y734-24,734,,置河阴县及河阴仓、集津仓、盐仓，开三门山路十八里,漕运,河阴（今荥阳北）,,peiyaoqing,A,《旧唐书》卷四十九·食货志下,yunhe,开元二十二年八月；三年运七百万石。
y738-25,738,,齐浣开伊娄河，京口直渡扬子避瓜步风涛,开凿,瓜洲—扬子（今扬州南）,,,A,《旧唐书》卷一百九十中·文苑传·齐浣,yunhe,开元二十五、六年间，润州刺史齐浣。
y743-26,743,,韦坚作广运潭于长安望春楼东,漕运,长安,,,A,《旧唐书》卷四十九·食货志下,yunhe,《旧唐书·食货志》系天宝三载，《韦坚传》作天宝二年。
y762-27,762,,刘晏为度支盐铁转运使，盐铁兼漕运自此始,漕运,长安,,liuyan,A,《旧唐书》卷四十九·食货志下,yunhe,宝应元年。
y763-28,763,,刘晏拜相仍充使，以盐利为漕佣，不发丁男,漕运,长安,,liuyan,A,《旧唐书》卷四十九·食货志下,yunhe,宝应二年。
y764-29,764,,刘晏开决汴河，恢复江淮漕路；岁转粟百一十万石,漕运,汴河,,liuyan,A,《旧唐书》卷四十九·食货志下,yunhe,广德二年。
y781-30,781,,李勉筑汴州城，跨汴河置水门,技术,汴州（今开封）,,,A,《旧唐书》卷十二·德宗纪上,yunhe,建中二年三月；《通鉴》记“会汴州城隘，广之”。汴州城跨汴河设水门，后为北宋东京汴河上下水门之祖。
y809-31,809,,白居易作《新乐府·隋堤柳》,文化,长安,,baijuyi,A,《白氏长庆集》卷四·新乐府,yunhe,“西自黄河东至淮，绿荫一千三百里”。
y822-32,822,,白居易出为杭州刺史,文化,杭州,,baijuyi,A,《旧唐书》卷十六·穆宗纪,yunhe,长庆二年七月壬寅。
y866-33,866,,皮日休作《汴河怀古》：“尽道隋亡为此河”,文化,汴河,,pirixiu,A,《全唐诗》卷六百十五,yunhe,约咸通七年前后赴举途中作，年份为推定。
y979-34,979,,东京汴河上下水门赐名大通、宣泽、上善、通津,技术,东京（今开封）,,,A,《宋史》卷八十五·地理志一,yunhe,太平兴国四年。
y984-35,984,,乔维岳开楚州沙河四十里，创二斗门于西河第三堰（复闸之始）,技术,楚州（今淮安）,,,A,《宋史》卷三百七·乔维岳传,yunhe,雍熙年间（984—987）；世界上最早的船闸记载。或作“真州复闸”，系误记：真州复闸在天圣中（见1025条）。
y1025-36,1025,,方仲荀奏改真、楚州堰为水闸（真州复闸）,技术,真州（今仪征）,,,A,《宋史》卷一百七十五·食货志上三漕运,yunhe,天圣中；一说天圣三年（1025）陶鉴议建真州复闸。
y1072-37,1072,,张方平论汴河：上供年额六百万石，汴河乃建国之本,漕运,东京（今开封）,,,A,《宋史》卷九十四·河渠志四,yunhe,熙宁五年张方平奏，追述国初定额“汴河斛斗六百万石”。
y1077-38,1077,,黄河决曹村，北流断绝，河道南徙,灾异,曹村（今河南濮阳西南）,,,A,《宋史》卷十五·神宗纪二,yunhe,熙宁十年七月。
y1128-39,1128,,杜充决黄河自泗入淮以阻金兵，黄河夺淮之始,改道,滑州李固渡（今河南滑县）,,,A,《宋史》卷二十五·高宗纪二,yunhe,建炎二年冬。
y1194-40,1194,,黄河决阳武故堤，灌封丘而东，全河夺淮,改道,阳武（今河南原阳）,,,A,《金史》卷十·章宗纪二,yunhe,金明昌五年八月壬子。
y1194-41,1194,,都水监王汝嘉等坐河决削官杖罢,政治,中都（今北京）,,,A,《金史》卷二十七·河渠志,yunhe,
y1275-42,1275,,郭守敬奉命行视河北、山东可通舟处,技术,河北—山东,,guoshoujing,A,《元史》卷一百六十四·郭守敬传,yunhe,至元十二年。
y1282-43,1282,,元代海运始：伯颜命罗璧、朱清、张瑄造平底海船运粮四万六千余石,漕运,刘家港—直沽,,,A,《元史》卷九十三·食货志一海运,yunhe,至元十九年，次年始至直沽。
y1283-44,1283,,济州河成，立都漕运司,开凿,济州（今济宁）,,,A,《元史》卷十二·世祖纪九,yunhe,至元二十年八月。
y1289-45,1289,,开会通河：起须城安山至临清入御河，长二百五十余里，建闸三十一,开凿,安山—临清,,,A,《元史》卷六十四·河渠志一,yunhe,至元二十六年正月己亥起工，六月辛亥成，赐名会通河。
y1289-46,1289,,世祖诏赐名“会通河”，置提举司,政治,大都,,,A,《元史》卷十五·世祖纪十二,yunhe,至元二十六年七月。
y1291-47,1291,,郭守敬陈水利十一事，议引白浮泉开大都运粮河,技术,大都—白浮泉,,guoshoujing,A,《元史》卷一百六十四·郭守敬传,yunhe,至元二十八年。
y1293-48,1293,,通惠河成，世祖过积水潭见舳舻蔽水，赐名,开凿,积水潭（今北京）,,guoshoujing,A,《元史》卷六十四·河渠志一,yunhe,至元二十九年春兴工，三十年秋告成，总长一百六十四里。
y1294-49,1294,,阿八赤所开胶莱新河废，专事海运,漕运,胶莱（今山东）,,,A,《元史》卷六十四·河渠志一,yunhe,至元三十一年。
y1329-50,1329,,元海运达到峰值：岁运三百五十二万余石,漕运,刘家港—直沽,,,A,《元史》卷九十三·食货志一海运,yunhe,天历二年。
y1351-51,1351,,贾鲁以工部尚书为总治河防使，发民十五万、军二万治河,改道,黄陵冈—白茅（今山东曹县—河南兰考）,,,A,《元史》卷四十二·顺帝纪五,yunhe,至正十一年四月壬午。
y1351-52,1351,,“石人一只眼，挑动黄河天下反”：刘福通起于颍州，红巾军起,战乱,颍州（今安徽阜阳）,,,A,《元史》卷四十二·顺帝纪五,yunhe,至正十一年五月。
y1351-53,1351,,贾鲁治河于黄陵冈得独眼石人，议者谓元乱由此,文化,黄陵冈,,,A,《元史》卷六十六·河渠志三,yunhe,
y1391-54,1391,,黄河决原武，漫安山湖而东，会通河尽淤,灾异,原武（今河南原阳）,,,A,《明史》卷八十五·河渠志三,yunhe,洪武二十四年。
y1403-55,1403,,陈瑄总督海运，建百万仓于直沽，城天津卫,漕运,直沽（今天津）,,chenxuan|zhudi,A,《明史》卷一百五十三·陈瑄传,yunhe,永乐元年；天津卫城设于永乐二年。
y1411-56,1411,,宋礼、金纯浚会通河复通；用白英策筑戴村坝、南旺分水,开凿,南旺（今汶上）,,zhudi|songli-baiying,A,《明史》卷八十五·河渠志三,yunhe,永乐九年二月命，二十旬工成。
y1411-57,1411,,南旺分水：南流接徐沛十之四，北流达临清十之六,技术,南旺水脊,,songli-baiying,A,《明史》卷一百五十三·宋礼传,yunhe,
y1415-58,1415,,陈瑄凿清江浦，通北京漕运,开凿,清江浦（今淮安）,,chenxuan,A,《明史》卷七·成祖纪三,yunhe,永乐十三年五月乙丑。
y1415-59,1415,,会通河成、清江浦通，遂罢海运,漕运,北京,,zhudi|songli-baiying|chenxuan,A,《明史》卷一百五十三·宋礼传,yunhe,永乐十三年。
y1421-60,1421,,明成祖迁都北京，御奉天殿受朝贺,政治,北京,,zhudi,A,《明史》卷七·成祖纪三,yunhe,永乐十八年十一月诏迁都，十九年正月甲子朔正式以北京为京师。
y1431-61,1431,,陈瑄议改民运为兑运,漕运,淮安,,chenxuan,A,《明史》卷一百五十三·陈瑄传,yunhe,宣德六年。
y1448-62,1448,,黄河北决冲张秋，夺运河入海,灾异,张秋（今山东阳谷）,,,A,《明史》卷八十三·河渠志一,yunhe,正统十三年；景泰中徐有贞塞之。
y1494-63,1494,,刘大夏治张秋决河，塞黄陵冈，河复南流,改道,张秋—黄陵冈,,,A,《明史》卷八十三·河渠志一,yunhe,弘治六年受命，经营二年，弘治七年末塞决口，改张秋曰安平镇。
y1495-64,1495,,刘大夏筑太行堤，起胙城历东明、长垣抵徐州三百六十里,技术,胙城—徐州（黄河北岸）,,,A,《明史》卷一百八十二·刘大夏传,yunhe,弘治八年工竣；黄河从此专走南道会淮，北岸大堤即后世所称“太行堤”。
y1565-65,1565,,黄河决沛县飞云桥，运道淤塞百余里,灾异,沛县（今江苏沛县）,,panjixun,A,《明史》卷八十五·河渠志三,yunhe,嘉靖四十四年七月。
y1566-66,1566,,朱衡开南阳新河成，河长一百九十四里,开凿,南阳—留城（今山东微山）,,panjixun,A,《明史》卷二百二十三·朱衡传,yunhe,嘉靖四十五年；循盛应期旧迹，避黄河于昭阳湖东。
y1578-67,1578,,潘季驯三任总河，筑高家堰束淮入清口，以清刷浊（束水攻沙）,技术,高家堰—清口,,panjixun,A,《明史》卷二百二十三·潘季驯传,yunhe,万历六年夏受命，七年十月两河工成；“以堤束水，以水攻沙”语出所著《河防一览》。
y1579-68,1579,,潘季驯两河工成：高家堰堤六十余里，遥堤五万六千余丈,技术,徐州—淮安,,panjixun,A,《明史》卷八十四·河渠志二,yunhe,万历七年十月。
y1604-69,1604,,李化龙开泇河成，自直河至李家港二百六十余里，尽避黄河之险,开凿,泇河（今山东台儿庄—江苏邳州）,,,A,《明史》卷八十五·河渠志三,yunhe,万历三十二年四月浚泇河工成。
y1644-70,1644,,清承明制置漕运总督驻淮安、总河驻济宁,政治,淮安／济宁,,,A,《清史稿》卷一百十六·职官志三,yunhe,顺治元年。
y1677-71,1677,,靳辅授河道总督，八疏同日上，束水入海、修高家堰,技术,清江浦,,jinfu,A,《清史稿》卷一百十六·职官志三,yunhe,康熙十六年二月；河道总督自济宁移驻清江浦。
y1684-72,1684,,康熙首次南巡阅河，至清口令添建石闸,政治,清口,,jinfu,A,《清史稿》卷一百二十七·河渠志二,yunhe,康熙二十三年；此后康熙南巡凡六次。
y1686-73,1686,,靳辅开中河，自骆马湖历宿迁、桃源至仲家庄,开凿,宿迁—清河,,jinfu,A,《清史稿》卷一百二十七·河渠志二,yunhe,康熙二十五年始凿。
y1688-74,1688,,中河通航，粮船避黄河一百八十里之险；靳辅罢,漕运,中河,,jinfu,A,《清史稿》卷一百二十七·河渠志二,yunhe,康熙二十七年。
y1751-75,1751,,乾隆首次南巡，奉皇太后循运河南下,政治,北京→杭州,,qianlong,A,《清史稿》卷十一·高宗纪二,yunhe,乾隆十六年正月辛亥启銮。
y1757-76,1757,,乾隆第二次南巡,政治,北京→江浙,,qianlong,A,《清史稿》卷十二·高宗纪三,yunhe,
y1762-77,1762,,乾隆第三次南巡,政治,北京→江浙,,qianlong,A,《清史稿》卷十二·高宗纪三,yunhe,
y1765-78,1765,,乾隆第四次南巡,政治,北京→江浙,,qianlong,A,《清史稿》卷十三·高宗纪四,yunhe,
y1780-79,1780,,乾隆第五次南巡，幸杭州阅水师，回程阅高家堰堤工,政治,杭州／高家堰,,qianlong,A,《清史稿》卷十四·高宗纪五,yunhe,乾隆四十五年。
y1784-80,1784,,乾隆第六次（末次）南巡,政治,北京→江浙,,qianlong,A,《清史稿》卷十五·高宗纪六,yunhe,乾隆四十九年正月丁未。
y1826-81,1826,,道光六年初行海运，苏松等府漕米由沙船运抵天津,漕运,上海—天津,,,A,《清史稿》卷三百七十二·关天培传,yunhe,道光六年。
y1855-82,1855,,黄河决兰阳铜瓦厢，改道北流穿运入大清河,改道,铜瓦厢（今河南兰考）,,,A,《清史稿》卷一百二十六·河渠志一,yunhe,咸丰五年六月；黄河结束七百年夺淮历史，运河在张秋被拦腰截断。
y1855-83,1855,,黄河北徙、中原多故，运道中梗，海运遂以为常,漕运,张秋,,,A,《清史稿》卷一百二十七·河渠志二,yunhe,
y1872-84,1872,,李鸿章奏设轮船招商局，分运漕米,漕运,上海,,,A,《清史稿》卷一百五十一·交通志二,yunhe,同治十一年。
y1901-85,1901,,诏各省漕粮全改折色，河运遂废,漕运,北京,,,A,《清史稿》卷一百二十二·食货志三漕运,yunhe,光绪二十七年，奕劻、李鸿章奏。
y1904-86,1904,,裁漕运总督,政治,淮安,,,A,《清史稿》卷一百十六·职官志三,yunhe,光绪三十年改置江淮巡抚，次年省。
y1911-87,1911,,津浦铁路工竣,技术,天津—浦口,,,A,《清史稿》卷一百四十九·交通志一,yunhe,宣统三年工竣，1912年全线通车；铁路取代运河成为南北干线。
y1958-88,1958,,京杭运河大规模整治，苏北段结合南水北调东线雏形扩建,技术,扬州—徐州,,,C,《京杭运河志（苏北段）》等今人编纂,yunhe,1958年起国家投资整治京杭运河，苏北段（扬州—徐州）拓浚为二级航道，并建江都水利枢纽（1961年起）。今人研究，未取得原始档案核对。
y2014-89,2014,,中国大运河列入《世界遗产名录》,文化,多哈（第38届世界遗产大会）,,,C,〔数据库〕UNESCO WHC 38 COM 8B.24（2014）,yunhe,2014年6月22日联合国教科文组织第38届世界遗产大会（卡塔尔多哈）通过，含隋唐大运河、京杭大运河、浙东运河共31处遗产区。
hg1839-00,1839,,林则徐抵广州,政治,广州,,linzexu,B,《清史稿·林则徐传》,haiguo,具体日期道光十九年正月二十五日（1839-03-10）为通行说。
hg1839-01,1839,,虎门销烟,政治,虎门,,linzexu,B,《清史稿·林则徐传》,haiguo,公历1839年6月3日起为通行说。
hg1839-02,1839,,林则徐译馆编译《四洲志》,译书,广州,,linzexu,C,邹振环《〈四洲志〉：近代中国最早的百科全书》,haiguo,主要译者梁进德；底本慕瑞 An Encyclopaedia of Geography（美国费城版之说）。
hg1841-03,1841,,京口林魏夜话,会面,京口（今镇江）,,linzexu|weiyuan,B,魏源《江口晤林少穆制府》二首（转引）,haiguo,交付《四洲志》之说为今人通行叙述（C）。
hg1842-04,1842,,魏源叙《海国图志》于扬州（五十卷本）,刊行,扬州,,weiyuan,A,魏源《海国图志·原叙》（百卷本所载，署道光二十二年）（殆知阁本，原文无标点，引文中逗号为本条整理时代替空格所加，文字未改）,haiguo,叙署年当公历1843年1月；刊行年有1842/1843/1844三说，庄钦永据牌记定为1844年古微堂聚珍板。
hg1847-05,1847,,六十卷本刻于扬州,刊行,扬州,,weiyuan,A,《海国图志》百卷本附记,haiguo,
hg1848-06,1848,,徐继畬《瀛寰志略》刊于福州,刊行,福州,,,C,〔数据库〕书格国图藏本著录,haiguo,同期世界地理志，后被百卷本引用。
hg1851-07,1851,,《海国图志》由中国商船传入长崎,传入,长崎,,,B,〔数据库〕国立国会図書館电子展示「知識を世界に求めて」开国期における西洋知識の移入,haiguo,另说嘉永三年（1850）
hg1851-08,1851,,因含基督教记事，首批输入本被没收,政治,长崎,,,C,Tankha 2000 注14 引 Kornicki 1998,haiguo,没收经办人向井兼哲、船号亥二号见中文转述
hg1852-09,1852,,百卷本刊于高邮州,刊行,高邮,,weiyuan,A,《海国图志》百卷本附记及后叙,haiguo,梁启章等称百卷本“在扬州杀青付梓”，与附记“刊于高邮州”不一致。
hg1853-10,1853,,佩里舰队来航浦贺,政治,浦贺,,,C,一般史实（嘉永六年六月）,haiguo,此后禁制松动
hg1854-11,1854,,日美和亲条约（神奈川条约）签订,政治,横滨（神奈川）,,,C,一般史实（嘉永七年三月三日）,haiguo,和刻本集中出现于同年
hg1854-12,1854,,输入15部，7部入幕府，余者拍卖,传入,长崎,,,C,〔图录〕安土堂和洋史料販売目録,haiguo,中文综述作寅一号船
hg1854-13,1854,,《翻栞海国图志》（筹海篇）江户刊行,刊行,江户,,shionoya_toin|mitsukuri_genpo,B,〔数据库〕早稲田大学古典籍総合データベース i13_00525,haiguo,嘉永七年七月（据古书目录，C）
hg1854-14,1854,,佐久间象山下狱，著《省諐录》论魏源,阅读,江户,,sakuma_shozan|yoshida_shoin,B,《省諐録》录文（网络录文，未与原刻对校，降为 B）,haiguo,
hg1855-15,1855,,横井小楠与内藤泰吉共读《海国图志》,阅读,熊本沼山津,,yokoi_shonan,C,荒川紘 2011,haiguo,
hg1861-16,1861,,《瀛环志略》和刻本（对嵋阁本）刊行,刊行,阿波（德岛）,,,B,〔数据库〕早稲田大学古典籍総合データベース ru02_02016,haiguo,
hg1876-17,1876,,甘肃平庆泾固道署重刊百卷本，左宗棠作序,刊行,平凉,,,B,〔数据库〕早稲田大学古典籍総合データベース ru01_03176,haiguo,序文称“光绪纪元”，NDL展示另著录光緒元（1875）重刊本；道署驻平凉
xz-622-ordain,622,,成都受具足戒,学法,成都,,xuanzang,A,慧立、彦悰《大唐大慈恩寺三藏法师传》卷一（CBETA T2053）,xuanzang,
xz-629-depart,629,,违禁西行,出发,长安,,xuanzang,A,慧立、彦悰《大唐大慈恩寺三藏法师传》卷一（CBETA T2053）,xuanzang,出发月份另有“四月”说（于阗进表），见 years.json。
xz-629-desert,629,,独越八百里沙河,出发,莫贺延碛,,xuanzang,A,慧立、彦悰《大唐大慈恩寺三藏法师传》卷一（CBETA T2053）,xuanzang,
xz-630-gaochang,630,,与高昌王麴文泰结为兄弟,会见,高昌王城,,xuanzang|qu_wentai,A,慧立、彦悰《大唐大慈恩寺三藏法师传》卷一（CBETA T2053）,xuanzang,年份约推。
xz-630-kucha,630,,屈支论难木叉毱多,辩论,屈支,,xuanzang,A,慧立、彦悰《大唐大慈恩寺三藏法师传》卷二（CBETA T2053）,xuanzang,年份约推。
xz-630-yehu,630,,素叶城见西突厥叶护可汗,会见,素叶城,,xuanzang|yehu_khagan,A,慧立、彦悰《大唐大慈恩寺三藏法师传》卷二（CBETA T2053）,xuanzang,年份约推；可汗身份见 unresolved。
xz-631-shadow,631,,瞿波罗龙窟礼佛影,学法,那揭罗曷灯光城,,xuanzang,A,慧立、彦悰《大唐大慈恩寺三藏法师传》卷二（CBETA T2053）,xuanzang,年份约推。
xz-631-kashmir,631,,迦湿弥罗从僧称学俱舍、顺正理,学法,迦湿弥罗,,xuanzang,A,慧立、彦悰《大唐大慈恩寺三藏法师传》卷二（CBETA T2053）,xuanzang,年份约推。
xz-633-ganges,633,,殑伽河遇贼将被祭天,会见,阿踰陀附近殑伽河,,xuanzang,A,慧立、彦悰《大唐大慈恩寺三藏法师传》卷三（CBETA T2053）,xuanzang,年份约推；类型无“遇险”项，暂归“会见”。
xz-633-nalanda,633,,入那烂陀寺拜戒贤为师,学法,那烂陀寺,,xuanzang|jiexian,A,慧立、彦悰《大唐大慈恩寺三藏法师传》卷三（CBETA T2053）,xuanzang,年份约推（631—633之间）。
xz-638-kanchi,638,,建志补罗未能渡海往僧伽罗,学法,建志补罗,,xuanzang,A,慧立、彦悰《大唐大慈恩寺三藏法师传》卷四（CBETA T2053）,xuanzang,年份约推。
xz-640-jayasena,640,,杖林山从胜军学唯识,学法,杖林山,,xuanzang|shengjun,A,慧立、彦悰《大唐大慈恩寺三藏法师传》卷四（CBETA T2053）,xuanzang,年份约推。
xz-641-poejian,641,,作《破恶见论》一千六百颂,辩论,那烂陀寺,,xuanzang|jiexian,A,慧立、彦悰《大唐大慈恩寺三藏法师传》卷四（CBETA T2053）,xuanzang,年份约推。
xz-642-kumara,642,,应鸠摩罗王之请赴迦摩缕波,会见,迦摩缕波,,xuanzang|kumara|jiexian,A,慧立、彦悰《大唐大慈恩寺三藏法师传》卷五（CBETA T2053）,xuanzang,年份约推。
xz-642-harsha,642,,羯朱嗢祇罗初见戒日王,会见,羯朱嗢祇罗,,xuanzang|harsha|kumara,A,慧立、彦悰《大唐大慈恩寺三藏法师传》卷五（CBETA T2053）,xuanzang,年份约推。
xz-642-kanyakubja,642,,曲女城大会立大乘义,辩论,曲女城,,xuanzang|harsha|kumara,A,慧立、彦悰《大唐大慈恩寺三藏法师传》卷五（CBETA T2053）,xuanzang,
xz-643-prayaga,643,,钵逻耶伽七十五日无遮大会,会见,钵逻耶伽,,xuanzang|harsha|kumara,A,慧立、彦悰《大唐大慈恩寺三藏法师传》卷五（CBETA T2053）,xuanzang,年份约推。
xz-643-indus,643,,渡信度河失经五十夹,归国,乌铎迦汉荼城,,xuanzang,A,慧立、彦悰《大唐大慈恩寺三藏法师传》卷五（CBETA T2053）,xuanzang,年份约推。
xz-644-khotan,644,,于阗上表太宗,归国,瞿萨旦那,,xuanzang|tang_taizong,A,慧立、彦悰《大唐大慈恩寺三藏法师传》卷五（CBETA T2053）,xuanzang,
xz-645-changan,645,,携经像返抵长安,归国,长安,,xuanzang,A,慧立、彦悰《大唐大慈恩寺三藏法师传》卷六（CBETA T2053）,xuanzang,
xz-645-luoyang,645,,洛阳宫仪鸾殿谒见太宗,会见,洛阳宫,,xuanzang|tang_taizong,A,慧立、彦悰《大唐大慈恩寺三藏法师传》卷六（CBETA T2053）,xuanzang,
xz-645-hongfu,645,,弘福寺开设译场,译经,长安弘福寺,,xuanzang|bianji|huili_yancong,A,慧立、彦悰《大唐大慈恩寺三藏法师传》卷六（CBETA T2053）,xuanzang,
xz-646-xiyuji,646,,进呈《大唐西域记》十二卷,译经,长安弘福寺,,xuanzang|tang_taizong|bianji,A,慧立、彦悰《大唐大慈恩寺三藏法师传》卷六（CBETA T2053）,xuanzang,
xz-648-preface,648,,太宗御制《大唐三藏圣教序》,译经,玉华宫,,xuanzang|tang_taizong,A,慧立、彦悰《大唐大慈恩寺三藏法师传》卷六（CBETA T2053）,xuanzang,
xz-648-cien,648,,迎经像入大慈恩寺,译经,大慈恩寺,,xuanzang|tang_gaozong|tang_taizong,A,慧立、彦悰《大唐大慈恩寺三藏法师传》卷七（CBETA T2053）,xuanzang,
xz-652-pagoda,652,,慈恩寺西院建砖塔（大雁塔前身）,建塔,大慈恩寺,,xuanzang|tang_gaozong,A,慧立、彦悰《大唐大慈恩寺三藏法师传》卷七（CBETA T2053）,xuanzang,原文“三年春三月”在永徽纪年下，即永徽三年。
xz-663-prajna,663,,玉华寺译毕《大般若经》六百卷,译经,玉华寺,,xuanzang|kuiji,A,慧立、彦悰《大唐大慈恩寺三藏法师传》卷十（CBETA T2053）,xuanzang,
xz-664-death,664,,玉华寺圆寂,卒葬,玉华寺,,xuanzang|tang_gaozong,A,慧立、彦悰《大唐大慈恩寺三藏法师传》卷十（CBETA T2053）,xuanzang,卒于麟德元年二月五日夜半。
xz-664-burial,664,,葬白鹿原,卒葬,浐东白鹿原,,xuanzang|tang_gaozong,A,道宣《续高僧传》卷四《玄奘传》（CBETA T2060）,xuanzang,
xz-669-reburial,669,,改葬樊川北原,卒葬,樊川北原,,xuanzang|tang_gaozong,A,慧立、彦悰《大唐大慈恩寺三藏法师传》卷十（CBETA T2053）,xuanzang,
xz-yi-645-大菩萨藏,645,645,译《大菩萨藏经》20卷,译经,长安弘福寺翻经院,,xuanzang,B,《开元释教录》卷八·玄奘译经目录夹注（T2154）,xuanzang,
xz-yi-645-显扬圣教,645,646,译《显扬圣教论》20卷,译经,长安弘福寺翻经院,,xuanzang,B,《开元释教录》卷八·玄奘译经目录夹注（T2154）,xuanzang,
xz-yi-646-瑜伽师地,646,648,译《瑜伽师地论》100卷,译经,长安弘福寺翻经院,,xuanzang,B,《开元释教录》卷八·玄奘译经目录夹注（T2154）,xuanzang,
xz-yi-647-解深密经,647,647,译《解深密经》5卷,译经,长安弘福寺,,xuanzang,B,《开元释教录》卷八·玄奘译经目录夹注（T2154）,xuanzang,
xz-yi-647-因明入正,647,647,译《因明入正理论》1卷,译经,长安弘福寺翻经院,,xuanzang,B,《开元释教录》卷八·玄奘译经目录夹注（T2154）,xuanzang,
xz-yi-648-能断金刚,648,648,译《能断金刚般若波罗蜜多经》1卷,译经,坊州宜君县玉华宫弘法台,,xuanzang,B,《开元释教录》卷八·玄奘译经目录夹注（T2154）,xuanzang,
xz-yi-648-摄大乘论,648,649,译《摄大乘论本》3卷,译经,宫城北阙紫微殿西弘法院→大慈恩寺,,xuanzang,B,《开元释教录》卷八·玄奘译经目录夹注（T2154）,xuanzang,
xz-yi-649-般若波罗,649,649,译《般若波罗蜜多心经》1卷,译经,终南山翠微宫,,xuanzang,B,《开元释教录》卷八·玄奘译经目录夹注（T2154）,xuanzang,
xz-yi-650-说无垢称,650,650,译《说无垢称经》6卷,译经,大慈恩寺翻经院,,xuanzang,B,《开元释教录》卷八·玄奘译经目录夹注（T2154）,xuanzang,
xz-yi-651-阿毘达磨,651,654,译《阿毘达磨俱舍论》30卷,译经,大慈恩寺翻经院,,xuanzang,B,《开元释教录》卷八·玄奘译经目录夹注（T2154）,xuanzang,
xz-yi-653-阿毘达磨,653,654,译《阿毘达磨顺正理论》80卷,译经,大慈恩寺翻经院,,xuanzang,B,《开元释教录》卷八·玄奘译经目录夹注（T2154）,xuanzang,
xz-yi-656-阿毘达磨,656,659,译《阿毘达磨大毘婆沙论》200卷,译经,大慈恩寺翻经院（开元录目录）；传文另记657年曾于洛阳明德宫译,,xuanzang,B,《开元释教录》卷八·玄奘译经目录夹注（T2154）,xuanzang,
xz-yi-659-成唯识论,659,659,译《成唯识论》10卷,译经,玉华寺云光殿,,xuanzang,B,《开元释教录》卷八·玄奘译经目录夹注（T2154）,xuanzang,
xz-yi-660-大般若波,660,663,译《大般若波罗蜜多经》600卷,译经,玉华宫寺玉华殿,,xuanzang,B,《开元释教录》卷八·玄奘译经目录夹注（T2154）,xuanzang,
xz-yi-661-辩中边论,661,661,译《辩中边论》3卷,译经,玉华寺嘉寿殿,,xuanzang,B,《开元释教录》卷八·玄奘译经目录夹注（T2154）,xuanzang,
xz-yi-661-唯识二十,661,661,译《唯识二十论》1卷,译经,玉华寺庆福殿,,xuanzang,B,《开元释教录》卷八·玄奘译经目录夹注（T2154）,xuanzang,
xz-yi-662-异部宗轮,662,662,译《异部宗轮论》1卷,译经,玉华寺庆福殿,,xuanzang,B,《开元释教录》卷八·玄奘译经目录夹注（T2154）,xuanzang,
ky1584-00,1584,,利玛窦在肇庆应粤人之请刻世界图,人物,肇庆,zhaoqingfu,limadou,A,《坤舆万国全图》利玛窦自序（1602 北京刻本，贝尔图书馆藏；狩野文库彩绘本对校）,kunyu,即《山海舆地图》，原刻不存；刻年 1584 从今人（黄时鉴、龚缨晏 2004）。
ky1600-00,1600,,利玛窦至南京，吴中明为之修订世界图,人物,南京,jiankang,limadou,A,《坤舆万国全图》利玛窦自序（1602 北京刻本，贝尔图书馆藏；狩野文库彩绘本对校）,kunyu,即《山海舆地全图》南京刻本，吴中明序移录于 1602 北京刻本。
ky1601-00,1601,,利玛窦入北京，李之藻请重订增广世界图,人物,北京,beijing,limadou|lizhizao,A,《坤舆万国全图》利玛窦自序（1602 北京刻本，贝尔图书馆藏；狩野文库彩绘本对校）,kunyu,
ky1602-00,1602,,《坤舆万国全图》六幅在北京刻成,人物,北京,beijing,limadou|lizhizao,A,《坤舆万国全图》刻工题记（1602 北京刻本，贝尔图书馆藏）,kunyu,
l591-72,591,,杨素创杭州州城,城建,凤凰山州治,,,B,《咸淳临安志》卷十八·城郭（引《九域志》）,linan,周回三十六里九十步
l781-73,781,,李泌引西湖水入城，开六井,城建,杭州城内,,,B,《咸淳临安志》卷三十三,linan,建中年间，年份据今人系年
l824-74,824,,白居易作《钱塘湖石记》，定湖水蓄泄,城建,西湖,,,A,白居易《钱塘湖石记》（《咸淳临安志》卷三十三引）,linan,长庆四年
l1359-75,1359,,新城被围三月，一城饿死十之六七,灾异,杭州城,,,B,《西湖游览志余》卷六,linan,至正十九年冬十二月
l1366-76,1366,,朱文忠取杭州，城门并为十,政治,杭州城,,,A,万历《杭州府志》（雍正《浙江通志》卷二十三·城池引）,linan,
l1508-77,1508,,杨孟瑛浚西湖，筑杨公堤,城建,西湖,,,A,嘉靖《浙江通志》（雍正《浙江通志》卷五十二·水利引）,linan,拆田荡三千四百八十一亩
l1648-78,1648,,筑满洲驻防城,城建,省城西部,,,A,雍正《浙江通志》卷三十·公署,linan,
l1860-79,1860,,太平军破省城，瑞昌退守驻防城六日,战乱,驻防城,,,B,《清史稿》卷三百九十八·瑞昌传,linan|hupan,咸丰十年
l1861-80,1861,,太平军再破杭州，满城失守,战乱,驻防城,,,B,《清史稿》卷四百七十五·洪秀全传,linan|hupan,咸丰十一年
l1864-81,1864,,清军收复杭州,战乱,杭州城,,,B,《清史稿》卷四百八·蒋益澧传,linan|hupan,同治三年二月
l1907-82,1907,,沪杭铁路城站启用,经济,清泰门外,,,C,〔今人〕Timeline of Hangzhou（维基百科）,linan,
l1912-83,1912,,起拆钱塘门至涌金门城墙,城建,湖滨,,,C,〔今人〕夏思《民国时期（1912—1937）的杭州与西湖》（杭州市西湖学研究会）,linan,
l1913-84,1913,,拆驻防城墙，旗营旧地辟新市场,城建,湖滨,,,C,〔今人〕夏思《民国时期（1912—1937）的杭州与西湖》（杭州市西湖学研究会）,linan|hupan,
l1927-85,1927,,设杭州市,政治,杭州,,,C,〔今人〕夏思《民国时期（1912—1937）的杭州与西湖》（杭州市西湖学研究会）,linan,
l1929-86,1929,,西湖博览会开幕,经济,北山路一带,,,C,〔今人〕夏思《民国时期（1912—1937）的杭州与西湖》（杭州市西湖学研究会）,linan|hupan,
l1937-87,1937,,钱塘江大桥通车；十二月日军占杭州,战乱,六和塔东,,,C,〔今人〕Timeline of Hangzhou（维基百科）,linan|hupan,
l1949-88,1949,,解放军入杭州,政治,杭州,,,C,〔今人〕Timeline of Hangzhou（维基百科）,linan|hupan,五月三日
hp1861-01,1861,,丁申、丁丙雇人入文澜阁废墟抢救库书，共得8689册,文化,浙江图书馆孤山馆舍与文澜阁,zhejiang-tushuguan,ding-bing,C,〔今人〕浙江在线·浙江宣传丨文澜阁《四库全书》传奇,hupan,约占原书四分之一，部分从市上高价购回
hp1880-01,1880,,护理江苏巡抚谭钧培严禁进香，天竺香市骤衰,经济,杭州,,,C,〔今人〕澎湃新闻·王健《多元视野下民间信仰与国家权力的互动：以明清江南为中心》节选,hupan,1881年谭钧培卸任后禁令渐弛
hp1896-01,1896,,杭州开埠；宁波商人何宝林在北山建成何庄,经济,新新饭店,xinxin-fandian,he-baolin,C,〔今人〕杭州网·葛岭孤云在凤林梵音逝，紫阳花又开草舍已新新,hupan,何庄为中、西式楼房三幢，即今新新饭店东楼；何宝林界面新闻作何葆龄
hp1904-01,1904,,叶为铭、丁辅之等在孤山创立西泠印社,文化,西泠印社,xiling-yinshe,,C,〔今人〕崇真艺客·【115年社庆专题】西泠印社历史沿革（二）,hupan,1913年首次社员大会定名，推吴昌硕为首任社长
hp1908-01,1908,,徐自华、吴芝瑛将秋瑾葬于西泠桥畔,政治,秋瑾墓,qiujin-mu,qiu-jin,C,"〔今人〕中国新闻网·""十葬""秋瑾：遗骨浙湘两地迁葬 三葬西湖之畔",hupan,吴芝瑛书碑「鉴湖女侠秋瑾之墓」
hp1908-02,1908,,秋瑾墓被勒令平毁，遗骨迁回绍兴,政治,秋瑾墓,qiujin-mu,qiu-jin,C,"〔今人〕中国新闻网·""十葬""秋瑾：遗骨浙湘两地迁葬 三葬西湖之畔",hupan,同年10月御史常徽上奏请平墓
hp1909-01,1909,,沪杭铁路全线通车,城建,杭州,,,C,〔今人〕维基百科（英文）·Timeline of Hangzhou,hupan,沪杭间由水路约三日缩短为约三小时
hp1909-02,1909,,刘学询以刘庄抵押大清银行上海分行，借银10万两,经济,刘庄,liu-zhuang,liu-xuexun,C,〔今人〕南都N视频·杭州刘庄与刘学询、刘启言父子：西湖国宾馆的前世今生,hupan,民初园被没收，1918年赎回
hp1909-03,1909,,鲁迅在二我轩拍下归国后首张照片,文化,二我轩照相馆,erwoxuan,lu-xun,C,〔今人〕浙江在线·鲁迅的杭高入职照 是他留学归来拍的首张照片,hupan,秋。即其浙江两级师范学堂入职照。
hp1910-01,1910,,二我轩《西湖各景》48幅获南洋劝业会金牌,文化,二我轩照相馆,erwoxuan,,C,〔今人〕杭州档案·光影二我轩,hupan,
hp1911-01,1911,,杭州光复，艮山门满兵六十余人缴械,政治,杭州,,,C,〔今人〕武林旧事·杭州旗营与浙省光复,hupan,夜
hp1911-02,1911,,革命军炮击旗营将军署，当晚旗营议降,战乱,旗营／新市场,xinshichang,,C,〔今人〕武林旧事·杭州旗营与浙省光复,hupan,
hp1911-03,1911,,协领贵林父子与哈楚显在咨议局被枪决,政治,杭州,,gui-lin,C,〔今人〕武林旧事·杭州旗营与浙省光复,hupan,贵林之子名星海，一作量海
hp1912-01,1912,,《浙省旗营善后办法》订立,政治,旗营／新市场,xinshichang,,C,〔今人〕武林旧事·杭州旗营与浙省光复,hupan,民政长褚辅成与旗营代表德济订定；旗人自造私宅准归本人所有
hp1913-01,1913,,新新旅馆正式挂牌,经济,新新饭店,xinxin-fandian,,C,〔今人〕界面新闻·连徐志摩、胡适都恋恋不忘的民国老酒店，隐藏着太多传奇,hupan,1909年起已在何庄接客；店名取「苟日新，日日新，又日新」
hp1913-02,1913,,秋瑾遗骨迁回西泠桥，建风雨亭与秋瑾祠,文化,秋瑾墓,qiujin-mu,qiu-jin,C,"〔今人〕中国新闻网·""十葬""秋瑾：遗骨浙湘两地迁葬 三葬西湖之畔",hupan,秋
hp1913-03,1913,,孙翼斋等在湖滨仁和路开设知味观,经济,知味观,zhiweiguan,sun-yi-zhai,C,〔今人〕浙江在线·杭州记忆丨1913年，孙翼斋开设知味观,hupan,次年孙翼斋独资经营
hp1918-01,1918,,李叔同在虎跑寺剃度，法号弘一,文化,虎跑寺,hupao,hongyi,C,〔今人〕浙江在线·昨天是李叔同出家一百周年纪念日 100年了大家都还记着他,hupan,农历七月十三日
hp1920-01,1920,,北山路在湖边小径基础上拓建,城建,杭州,,,C,〔今人〕杭州网·地名知识科普之是北山路还是北山街？,hupan,
hp1921-01,1921,,西泠印社募集8000银元赎回汉三老碑,文化,西泠印社,xiling-yinshe,,C,〔今人〕崇真艺客·【115年社庆专题】西泠印社历史沿革（二）,hupan,
hp1924-01,1924,,雷峰塔倒塌,灾异,雷峰塔,leifeng,,C,〔今人〕杭州网·100年前的昨天雷峰塔倒了 雷峰塔重生记,hupan,下午。俞平伯在孤山俞楼望见。
hp1928-01,1928,,国立艺术院在孤山罗苑举行开学典礼,文化,罗苑,luoyuan,,C,〔今人〕网易（中国美术学院）·筚路蓝缕 薪火相传：西子湖畔的艺术教育探索,hupan,另有3月26日开学之说；首任院长林风眠
hp1928-02,1928,,张静江下令拆除西泠桥畔松风上人墓与亭,政治,苏小小墓,su-xiaoxiao-mu,zhang-jingjiang,C,〔今人〕杭州网·西湖迁墓往事,hupan,理由是该墓亭与苏小小墓亭相对
hp1934-01,1934,,史量才自秋水山庄返沪途中遇刺,政治,秋水山庄,qiushui-shanzhuang,shi-liangcai,C,〔今人〕浙江在线·见证杭州100余年历史 西湖边的秋水山庄 悄悄营业,hupan,遇刺地在海宁境内沪杭公路旁
hp1935-01,1935,,警官杜承荣与奥地利女子瓦格纳在新新饭店成婚,文化,新新饭店,xinxin-fandian,,C,〔今人〕界面新闻·连徐志摩、胡适都恋恋不忘的民国老酒店，隐藏着太多传奇,hupan,初
hp1937-01,1937,,文澜阁《四库全书》228箱运往南星桥西迁,文化,浙江图书馆孤山馆舍与文澜阁,zhejiang-tushuguan,,C,〔今人〕中国作家网·书阁相望——文澜阁《四库全书》抗日西迁记,hupan,次日运抵富阳；馆长陈训慈主持
hp1937-02,1937,,中国军队自毁钱塘江大桥,战乱,杭州,,,C,〔今人〕抗日战争纪念网·杭州抗战大事记,hupan,
hp1937-03,1937,,两百多名妇女逃入蕙兰中学避难所,战乱,蕙兰中学,huilan-zhongxue,,C,〔今人〕搜狐·80年前，日军侵占杭州照片首度公开！有的人真的不能忘记！,hupan,凌晨。见蕙兰中学校长葛烈腾书信。
hp1937-04,1937,,杭州沦陷后日军在湖滨公众体育场焚毁书局与私家藏书,战乱,湖滨公众体育场,gongzhong-tiyuchang,,C,〔今人〕浙江党史和文献网·侵华日军罪行研究,hupan,焚书日期未载；善本部分运往日本
hp1938-01,1938,,日军从广济医院强行带走106名伤兵,战乱,广济医院,guangji-yiyuan,,C,〔今人〕中国新闻网·杭州沦陷时，30位外国侨民为何选择留下？,hupan,见周东华据海外档案整理的外侨记述
hp1944-01,1944,,伪杭州市代理市长谭淑奎在西湖边被暗杀,政治,杭州,,,C,〔今人〕浙江在线·今天是国家公祭日 让我们穿越历史 回到那时的杭州……,hupan,
hp1945-01,1945,,中日在富阳宋殿村洽降,政治,杭州,,,C,〔今人〕浙江在线·揭秘丨73年前富阳洽降 日军代表被强留在宋殿过夜,hupan,杭州城内未举行受降签字仪式
hp1946-01,1946,,文澜阁《四库全书》运回孤山,文化,浙江图书馆孤山馆舍与文澜阁,zhejiang-tushuguan,,C,〔今人〕中国作家网·书阁相望——文澜阁《四库全书》抗日西迁记,hupan,
hp1946-02,1946,,丰子恺暂住招贤寺，次年3月迁湖畔小屋,文化,招贤寺,zhaoxian-si,feng-zikai,C,〔今人〕腾讯新闻（都市快报）·城纪｜葛岭招贤寺：历史深处的西湖佳话,hupan,1947年3月11日迁入北山街85号
hp1947-01,1947,,浙大学生于子三在浙江保安司令部狱中遇害,运动,杭州,,,C,"〔今人〕杭州网·纵死不惭世上英——寻访""于子三运动""",hupan,
hp1948-01,1948,,西湖封冻,灾异,杭州,,,C,〔今人〕维基百科（英文）·Timeline of Hangzhou,hupan,
hp1950-01,1950,,马一浮应弟子蒋国榜之邀住进蒋庄,文化,蒋庄,jiang-zhuang,ma-yifu|jiang-guo-bang,C,〔今人〕中国作家网·马一浮的蒋庄晚境,hupan,此后在蒋庄住了17年
hp1951-01,1951,,西湖疏浚开工，至1958年平均水深增至1.8米,城建,杭州,,,C,〔今人〕杭州网·老杭州们 还记得1951-1958年西湖大疏浚吗？,hupan,疏浚前平均水深0.55米
hp1952-01,1952,,楼外楼转为国营,经济,楼外楼,louwailou,,C,〔今人〕杭州档案·楼外楼,hupan,
hp1953-01,1953,,刘学询遗孀将刘庄捐给国家,经济,刘庄,liu-zhuang,liu-xuexun,C,〔今人〕中国新闻网·81岁少庄主重返杭州刘庄 西湖第一名园成国宾馆,hupan,
hp1953-02,1953,,二我轩歇业，余家迁居饮马井巷,经济,二我轩照相馆,erwoxuan,,D,"〔口碑〕小时新闻·爸爸的帅,妈妈的美,83岁的她都收在了月饼盒里",hupan,据余寅初孙女余慧珍口述，歇业因公私合营
hp1953-03,1953,,毛泽东抵杭，在北山街84号院起草宪法,政治,北山街84号大院,beishan-84,mao-zedong,C,〔今人〕共产党员网·新中国第一部宪法，起笔于西湖山水间,hupan,1954年1月9日起草正式展开，3月17日离杭
hp1954-01,1954,,刘庄改建为西湖国宾馆，并入韩、杨、康、范四庄,城建,刘庄,liu-zhuang,,C,"〔今人〕浙江在线·杭州记忆丨""西湖第一名园""里的那些往事",hupan,
hp1954-02,1954,,都锦生丝织厂获批公私合营,经济,都锦生丝织厂,du-jinsheng-chang,du-jinsheng,C,〔今人〕浙江档案网·合营——资本主义工商业的社会主义改造,hupan,为杭州第一批，4月起实行
hp1955-01,1955,,章太炎灵柩自苏州迁葬南屏山北麓,文化,章太炎墓·张苍水墓,zhang-taiyan-mu,zhang-taiyan,C,〔今人〕民进中央网站·马叙伦·章太炎与章太炎墓,hupan,距张苍水墓50米
hp1955-02,1955,,西湖疏浚中先后有4万多市民义务挖泥运土,运动,杭州,,,C,〔今人〕杭州网·老杭州们 还记得1951-1958年西湖大疏浚吗？,hupan,
hp1956-01,1956,,秋瑾等墓一夜迁往鸡笼山，后又迁回,运动,秋瑾墓,qiujin-mu,qiu-jin,C,〔今人〕腾讯新闻·一夜之间，西湖周边的很多坟墓都被迁走了｜何其亮 一席第967位讲者,hupan,事后经周恩来干预迁回
hp1958-01,1958,,西湖出现持续约50天的赤潮,灾异,杭州,,,C,〔今人〕腾讯新闻·一夜之间，西湖周边的很多坟墓都被迁走了｜何其亮 一席第967位讲者,hupan,同年楼外楼迁至西泠印社东面（杭州档案·楼外楼）
hp1959-01,1959,,林风眠玉泉别墅被杭州植物园收买,经济,林风眠玉泉别墅,lin-fengmian-yuquan,lin-fengmian,C,〔今人〕澎湃新闻·林风眠杭州故居——玉泉别墅的前世今生,hupan,林家称植物园派人到上海要求收买
hp1961-01,1961,,刘庄重建完成，毛泽东看后改住汪庄,政治,汪庄,wang-zhuang,mao-zedong,C,〔今人〕武林旧事·西子宾馆——汪庄,hupan,此后汪庄为毛泽东来杭主要住处
hp1963-01,1963,,延安路开设一家二我轩，后改名立新照相馆,经济,杭州,,,C,"〔今人〕小时新闻·寻找二我轩,影像里的杭州眷恋",hupan,据文史学者仲向平所述
hp1964-01,1964,,西湖平坟，至次年3月6日拆654座,运动,苏小小墓,su-xiaoxiao-mu,,C,〔今人〕光明网（文摘报）·西湖名人墓地之劫,hupan,自苏小小墓开始，分五批
hp1964-02,1964,,北山路改名环湖北路,城建,杭州,,,C,〔今人〕杭州网·地名知识科普之是北山路还是北山街？,hupan,1980年称北山路，2011年定名北山街
hp1965-01,1965,,秋瑾墓被拆,运动,秋瑾墓,qiujin-mu,qiu-jin,C,〔今人〕光明网（文摘报）·西湖名人墓地之劫,hupan,前一日作出拆除决定
hp1966-01,1966,,浙大学生在灵隐寺阻挡中学红卫兵,运动,灵隐寺,lingyin,,C,〔今人〕网易·1966年，灵隐寺保卫战惊心动魄五昼夜,hupan,对峙五昼夜，8月27日周恩来办公室指示保护灵隐寺
hp1966-02,1966,,净慈寺被毁，岳飞坐像被拉倒,运动,净慈寺,jingci,,C,〔今人〕网易·1966年，灵隐寺保卫战惊心动魄五昼夜,hupan,同日平湖秋月乾隆书「西湖十景」碑被砸断，苏小小墓被扒平
hp1966-03,1966,,杭州市政府下令以砖石封闭灵隐寺,运动,灵隐寺,lingyin,,C,〔今人〕网易·1966年，灵隐寺保卫战惊心动魄五昼夜,hupan,
hp1966-04,1966,,马一浮离开蒋庄，避居安吉路,运动,蒋庄,jiang-zhuang,ma-yifu,C,〔今人〕中国作家网·马一浮的蒋庄晚境,hupan,次年去世
hp1967-01,1967,,农民进城参加武斗，杭州出现首例死亡,运动,杭州,,,C,〔今人〕二十一世纪（香港中文大学）·軍隊、群眾與武鬥：以1967年浙江文革為例,hupan,农民乘17辆卡车过钱塘江大桥，与桥上省联总成员冲突
hp1967-02,1967,,活佛照相馆与湖滨照相馆合并为杭州摄影图片社,经济,活佛照相馆,huofo-zhaoxiangguan,,C,〔今人〕杭州档案·活佛照相馆,hupan,
hp1969-01,1969,,首趟知青专列载1200多人赴黑龙江,运动,杭州,,,C,〔今人〕杭州网·杭州人在黑龙江兵团的经历比《狼图腾》里演的更惊险,hupan,自杭州火车站开出，学生来自杭州六中、十中、铁路中学、女子中学
hp1971-01,1971,,盖叫天在杭州病逝,运动,燕南寄庐,yannan-jilu,gai-jiaotian,C,〔今人〕维基百科·盖叫天,hupan,
hp1972-01,1972,,尼克松抵杭，住刘庄一号楼,政治,刘庄,liu-zhuang,,C,〔今人〕杭州网·1972年2月：美国总统尼克松在杭州的21个小时,hupan,在杭21小时；沿湖语录牌、大字报连夜清除
hp1979-01,1979,,汪庄改称浙江西子宾馆，逐步对外开放,城建,汪庄,wang-zhuang,,C,〔今人〕迈点网·西湖C位，百年汪庄，主席下榻27回！浙江西子宾馆厉害的不是一点点,hupan,
hp1979-02,1979,,西泠印社召开75周年社员大会,文化,西泠印社,xiling-yinshe,,C,〔今人〕中国西藏新闻网·恢复西泠印社的往事 曾经历文革猛烈冲击,hupan,此前学术活动中断10多年
hp1981-01,1981,,秋瑾墓在西泠桥南端重建落成,文化,秋瑾墓,qiujin-mu,qiu-jin,C,〔今人〕搜狐·秋瑾墓70年内11迁：最令人痛心的第10次迁动，草草掩埋未留任何标记,hupan,发掘遗骨时凭颈骨刀痕认定
hp1985-01,1985,,新西湖十景陆续立碑,文化,杭州,,,C,"〔今人〕新浪·三代""西湖十景""，排序历年变化，知道最新的十大景点是什么吗？",hupan,1984年五单位发起评选，10万多人参与
hp1985-02,1985,,杭州饭店与西泠饭店合为杭州香格里拉饭店,经济,杭州饭店,hangzhou-fandian,,C,"〔今人〕浙江在线·香格里拉饭店变""矮""了，西湖的天际线更美了",hupan,一说1984年；为中国大陆首家香格里拉饭店
hp1988-01,1988,,黄宾虹旧居修复后重新开放,文化,黄宾虹旧居,huang-binhong-jiuju,huang-binhong,C,〔今人〕qingquanbook.com·黄宾虹：旧居系出首富门,hupan,
hp1990-01,1990,,秋水山庄恢复旧名,文化,秋水山庄,qiushui-shanzhuang,,C,〔今人〕光明网·史量才•秋水山庄,hupan,
hp1990-02,1990,,1990年代初南山路酒吧街形成,经济,南山路酒吧街,nanshanlu-jiuba,,C,〔今人〕杭州统一战线·南山路酒吧逐渐消失应引起关注,hupan,年份取1990，来源作「90年代初」
hp1999-01,1999,,北线湖滨已连成开放公园，南线仍分段收门票,城建,湖滨公园（一至六公园）,hubin-gongyuan,,C,〔今人〕界面新闻·门票客流双下降？不如看看4天250万游客的西湖免票往事,hupan,同年雷峰塔重建议案通过；南线整合后于2002年10月1日免费开放
hp1896-02,1896,,梅藤更在里西湖13号建屋，迁入广济麻风病院,经济,海盐馆,haiyan-guan,duncan-main,C,〔今人〕杭州网·杭州北山街与梅滕更的两面性,hupan,病人一次交5元挂号费即终身免费；1915年病院迁松木场
hp1915-01,1915,,1915—1919年杨叔英等颜料商集资重修葛岭道院,文化,抱朴道院,baopu-daoyuan,yang-shuying,C,〔今人〕杭州网·葛岭千年：仙踪难觅，朝暾依旧,hupan,道院内设染业公会，后称抱朴道院
hp1920-02,1920,,太虚驻锡宝石山弥勒院，《海潮音》编辑部设此,文化,弥勒院,mile-yuan,taixu,C,〔今人〕新浪博客·杭州北山街（二）大石佛院,hupan,
hp1924-02,1924,,孙传芳入浙，以里西湖13号为官邸,政治,海盐馆,haiyan-guan,sun-chuanfang,C,〔今人〕杭州网·杭州北山街与梅滕更的两面性,hupan,杭州网作1924—1927年；维基百科记其督浙至1926年12月
hp1929-01,1929,,孙花翁墓因西博会拓路迁移,城建,孙花翁墓,sun-huaweng-mu,,C,〔今人〕新浪博客·杭州北山街（二）大石佛院,hupan,
hp1931-01,1931,,春润庐转让项松茂父子，改名春晖小筑,经济,春润庐,chunrun-lu,xiang-songmao,C,"〔今人〕杭州网·杭州北山街54号，曾是""不挂牌的北大招待所""",hupan,
hp1932-01,1932,,项松茂在上海营救被日军抓走的店员时遇害,战乱,杭州,,xiang-songmao,C,"〔今人〕杭州网·杭州北山街54号，曾是""不挂牌的北大招待所""",hupan,
hp1932-02,1932,,陈布雷一家九口迁入坚匏别墅，住至1934年2月,政治,坚匏别墅,jianpao-bieshu,chen-bulei,C,〔今人〕杭州政协·陈布雷旧居——坚匏别墅,hupan,此前陈布雷独居乐庐
hp1933-01,1933,,保俶塔大修122天，未复木檐，只留砖身,城建,保俶塔,baochu,,C,〔今人〕杭州网·保俶塔-西湖北山的千年古塔,hupan,1933年3月1日开工，6月30日完工
hp1934-02,1934,,杭江铁路局改称浙赣铁路局,经济,浙赣铁路局旧址,zhegan-tieluju,,C,〔今人〕搜狐·北山梦寻文化街（西湖散记之二十四）,hupan,
hp1934-03,1934,,陈小蝶开设蝶来饭店，请胡蝶、徐来揭幕,经济,蝶来饭店,dielai-fandian,chen-xiaodie,C,〔今人〕杭州网（杭州日报）·西湖北山三父子,hupan,另有1930年开业之说
hp1936-01,1936,,朱家骅任浙江省主席，以孤云草舍为官邸,政治,孤云草舍,guyun-caoshe,zhu-jiahua,C,〔今人〕杭州政协·北山路上的孤云草舍,hupan,西安事变后陈布雷在孤云草舍隔壁写成《西安半月记》
hp1936-02,1936,,蒋介石在东山别墅边会见杨虎城,政治,东山别墅,dongshan-bieshu,chiang-kaishek|yang-hucheng,C,〔今人〕杭州网·杭州公布第五批历史建筑43处,hupan,秋。有当年史料照片存世。
hp1937-05,1937,,周恩来、潘汉年来杭谈判，住昭庆寺旁柏庐,政治,柏庐,bai-lu,zhou-enlai,C,〔今人〕杭州政协·沉默了半个多世纪的秘密——周恩来、潘汉年与蒋介石、张冲在杭州西湖的秘密谈判,hupan,张冲安排入住；会谈在3月下旬
hp1945-02,1945,,日本领事馆旧址改作杭州市政府外宾招待所,政治,日本驻杭领事馆旧址,riben-lingshiguan,,C,〔今人〕武林旧事·陈仪与石函路1号,hupan,
hp1948-02,1948,,陈仪任浙江省主席，以日领馆旧址为官邸,政治,日本驻杭领事馆旧址,riben-lingshiguan,chen-yi,C,〔今人〕武林旧事·陈仪与石函路1号,hupan,维基百科作6月22日
hp1948-03,1948,,1948年10月至11月蒋经国携妻儿小住北山街8号,政治,蒋经国旧居,jiang-jingguo-jiuju,jiang-jingguo,C,〔今人〕中国新闻网·蒋经国故居改开经营场所 蒋友柏设计方案未被采纳,hupan,由杭州市长周象贤拨借
hp1948-04,1948,,卢志学捐卍字草堂房地及法币5亿元办范德小学,文化,卍字草堂,wanzi-caotang,,C,〔今人〕杭州网（杭州日报）·西湖北山三父子,hupan,
hp1951-02,1951,,杨虎城之弟杨茂三出售东山别墅,经济,东山别墅,dongshan-bieshu,yang-hucheng,C,〔今人〕杭州政协·虎城旧居今安在？,hupan,委托张映溪办理，契价旧币2.25亿元；另称售予部队作117医院职工宿舍
hp1951-03,1951,,秋水山庄转给上海市总工会作疗养所,经济,秋水山庄,qiushui-shanzhuang,,C,〔今人〕新浪博客·杭州北山街（七）秋水山庄,hupan,一度改名西子楼
hp1953-04,1953,,凤林寺被拆，1956年在其一带建杭州饭店,城建,杭州饭店,hangzhou-fandian,,C,〔今人〕新浪博客·杭州北山街（十）香格里拉饭店,hupan,同一博文另作1955年全部拆除
hp1954-03,1954,,作家史莽迁入北山街69号，自题「集艺楼」,文化,集艺楼,jiyi-lou,shi-mang,C,〔今人〕古建中国·集艺楼——杭州名人故居,hupan,
hp1955-03,1955,,蝶来饭店拆除，原址建杭州饭店,城建,蝶来饭店,dielai-fandian,,C,〔今人〕搜狐·找找老照片，讲讲老故事——浙旅酒店的前世今身,hupan,
hp1958-02,1958,,北山路95号江宅纳入社会主义改造,经济,北山路95号别墅,beishan-95,,C,〔今人〕新浪博客·杭州北山街（十二）穗庐,hupan,该宅为江曼锋1934年所建
hp1964-03,1964,,孙花翁墓被毁,运动,孙花翁墓,sun-huaweng-mu,,C,〔今人〕新浪博客·杭州北山街（二）大石佛院,hupan,2008年重修
hp1986-01,1986,,葛荫山庄拆除，改建镜湖厅景区,城建,葛荫山庄,geyin-shanzhuang,,C,〔今人〕新浪博客·杭州北山街（七）秋水山庄,hupan,景区面积1.7公顷
hp1997-01,1997,,润庐以280万元易主,经济,润庐,run-lu,,C,"〔今人〕杭州网·全城票选""西湖最美十庐""杭州人最爱的是美丽而有故事的西湖老建筑",hupan,杭州网称买主为一金华商人，其后归李念孔所有；买主另有异说
hp1928-03,1928,,浙江省政府第163次会议通过张静江举办西湖博览会的议案,政治,xihu-bolanhui,,zhang-jingjiang,C,〔今人〕浙江在线·杭州记忆·1929年西湖博览会开幕,hupan,
hp1956-02,1956,,张宗祥提案恢复西泠印社，成立筹备委员会,文化,xiling-yinshe,,zhang-zong-xiang,C,〔今人〕西藏在线·恢复西泠印社的往事（吕国璋口述）,hupan,
hp1962-01,1962,,张鲁庵病逝，家属将印章1525方、印谱433部捐给西泠印社,文化,xiling-yinshe,,,C,〔今人〕西藏在线·恢复西泠印社的往事（吕国璋口述）,hupan,
hp1957-01,1957,,西湖第一艘木质机动游船「西子号」试制成功,经济,杭州,,,C,〔今人〕杭州网·西湖游船变迁 2026-05-24,hupan,
hp1979-03,1979,,全国首艘大型玻璃钢电瓶游船「共青团号」在西湖下水,经济,杭州,,,C,〔今人〕杭州网·西湖游船变迁 2026-05-24,hupan,
hp1968-01,1968,,西湖山林松毛虫成灾，至1980年初砍伐受害松树233万株,灾异,杭州,,,C,〔今人〕腾讯新闻·何其亮一席演讲,hupan,
