id,name,dates_text,dates_from,dates_to,role,topics,summary
huiyuan,慧远,334–416,334,416,庐山东林寺主，净土念佛结社与「沙门不敬王者」论的代表,liuchao,慧远出身雁门，投道安出家，随师由恒山至襄阳；襄阳陷落后南下，于381年前后止于庐山，386年得东林寺。此后终身不出庐山，却成为东晋南方佛教的精神中心：与罗什书问大乘义理，请佛驮跋陀罗译禅经，接纳流亡长安的僧人，结社念佛，并以《沙门不敬王者论》确立了南朝「沙门不拜俗」的传统。
zhudaosheng,竺道生,约355–434,355,434,涅槃学者，倡「一阐提皆得成佛」与「顿悟成佛」说,liuchao,道生一生往返于建康、庐山、长安三个中心：少年出家于建康瓦官寺，青年入庐山依慧远，又北上长安从罗什，409年回到建康。他据先出的六卷《泥洹经》推论「阐提亦有佛性」，遭建康旧学摈斥，退居虎丘、庐山；大本《涅槃经》南传后其说得到证实，成为南朝涅槃学与顿悟论的源头。
sengyou,僧祐,445–518,445,518,律学大师、经录与佛教史学奠基者，《出三藏记集》《弘明集》编者,liuchao,僧祐是土生土长的建康僧人，一生活动几乎不出建康与钟山。他在定林上寺建立经藏、整理译经目录，编成中国现存最早的经录《出三藏记集》与护法文献总集《弘明集》，又以工程才能主持剡县石城弥勒大像、光宅寺与摄山大像的营造，是把南朝义学、律学与造像连接起来的关键人物。
liuxie,刘勰,约465–约532,465,532,《文心雕龙》作者，晚年出家（法名慧地）,liuchao,刘勰的一生系于钟山定林寺：少年依僧祐读经、整理经藏，在此写出《文心雕龙》；入仕后任临川王记室、太末令、东宫通事舍人，晚年奉敕回定林寺撰经，终于出家。他是南朝士人与义学僧团深度交融的典型个案。
baozhi,宝志（保志）,约418–514,418,514,神异僧，梁武帝所礼「志公」，开善寺缘起,liuchao,宝志是建康本地成长的禅僧，宋泰始以后以神异行迹活动于建康街市与宫禁之间，历宋、齐、梁三朝，为梁武帝敬礼。其身后葬于钟山独龙阜并建开善寺，成为南朝帝室在钟山营寺的起点；后世大量「志公」预言与传说多为唐宋以后附会。
zhiyi,智顗,538–597,538,597,天台宗实际创始人（「智者大师」）,liuchao,智顗出身荆州，出家湘州，于大苏山从慧思开悟后进入建康瓦官寺讲学八年，再隐天台十年，陈末重返建康。隋灭陈后西游庐山、荆州，两度赴扬州为晋王杨广授戒撰疏，最后返回天台、圆寂于剡县石城寺。其行迹把建康、天台、剡县、庐山与荆州串成一条线，正是南朝义学向隋唐宗派转化的空间轨迹。
fuxi,傅翕（傅大士）,497–569,497,569,在家居士，「双林树下当来解脱善慧大士」，义乌双林寺开创者,liuchao,傅翕是南朝罕见的在家宗教领袖：以农夫身份在义乌双林结庵，自称弥勒化身，两度与梁武帝接触，在浙东经营双林寺，饥荒中散财赈济。其事迹主要来自唐代楼颖所编《善慧大士录》，正史无传，故各点标 B/C；与达摩相关的「嵩头陀」等说法系传说。
faxian,法显,约337–约422,337,422,西行求法僧，《佛国记》作者，建康道场寺译经,liuchao,法显399年自长安西行，经敦煌、于阗越葱岭入天竺，在巴连弗邑与师子国求得律藏与《泥洹经》，412年海路漂至山东崂山，413年南下建康道场寺，与佛驮跋陀罗译出《摩诃僧祇律》《大般泥洹经》，后者直接引发竺道生的佛性论争。其行迹是江南佛教与海上求法线路连接的关键一环。
zhendi,真谛（拘那罗陀，Paramārtha）,499–569,499,569,梁陈之际译经三藏，《摄大乘论》《俱舍论》译者，摄论学派之源,liuchao,真谛应梁武帝之邀从扶南经广州抵达建康，恰逢侯景之乱，此后二十年颠沛于富春、豫章、始兴、晋安、广州之间，在流亡中译出《摄大乘论》《俱舍论》等，奠定摄论学派。其行迹是「南朝译经在战乱中的流亡地图」，与鸠摩罗什在长安的国家译场形成鲜明对照。
damo,菩提达摩,生卒不详（活动于5世纪末–6世纪前期）,,,禅宗所尊「东土初祖」；本条仅录文献可考部分，建康见梁武帝、一苇渡江为后世传说,liuchao,达摩最可靠的两条记载均在北方：《洛阳伽蓝记》记其在洛阳永宁寺赞叹九层浮图，《续高僧传》记其先到南方「宋境南越」、后北渡至魏，在嵩洛间以「二入四行」授徒。与梁武帝问答、一苇渡江、少林面壁、葬熊耳山等，均为唐中叶以后禅宗建构祖统时的传说，本数据以 D 级标出，建议地图上以虚线绘制。
huili,慧理,生卒不详（传为东晋咸和年间人）,,,杭州灵隐寺传说中的开山祖，西天竺僧,liuchao,慧理与灵隐寺「咸和元年（326）创建」的说法是杭州佛教的标准叙事，但六朝文献（《高僧传》《名僧传抄》《出三藏记集》）均不见其人，最早系统记载见于南宋《咸淳临安志》，距事八百余年。建议在地图上标为「传说性开山」，年份 326 作为传统说法保留并标注 D 级。
zhiyong,智永,生卒不详（约6世纪中–7世纪初，陈隋间）,,,书法僧，王羲之七世孙，《真草千字文》作者，永欣寺（云门寺）住持,liuchao,智永是六朝末期士族入寺的代表：王羲之后裔在会稽云门山永欣寺出家，以三十年临书维系王氏书风，书《真草千字文》八百本散于浙东寺院，并将《兰亭序》真迹传于辩才。其事迹全出唐人笔记（《书断》《兰亭记》《尚书故实》），无六朝文献，年份多不可确考，故整体标 B/C。
qianliu,钱镠,852–932,852,932,吴越国开国君主，杭州城市格局与钱塘江海塘的奠基者,linan,字具美，杭州临安县人。唐末以乡兵起家，随董昌平定黄巢余部与浙东，景福二年（893）任镇海军节度使，先后筑杭州夹城与罗城，罗城“凡七十里”（《吴越备史》），奠定南宋临安城南依凤凰山、北抵武林门的轮廓。后梁开平元年（907）受封吴越王，龙德三年（923）建吴越国。开平四年（910）八月筑钱塘江捍海塘，《吴越备史》已记其“命强弩以射涛头”，即“钱王射潮”故事所本。又置撩湖兵疏治西湖，保境安民，使杭州成为五代东南最繁盛之都会，卒葬临安县。
qianchu,钱俶,929–988,929,988,吴越末代国王，纳土归宋,linan,原名弘俶，钱镠之孙。后汉乾祐元年（948）胡进思废钱倧后被拥立。在位三十年奉中原正朔，崇信佛教，于杭州广建寺塔：延寿主持的慧日永明院（净慈寺）、开宝三年（970）六和塔、为黄妃所建的雷峰塔（西关砖塔，塔记称977年前后建成），灵隐寺亦由其重兴。太平兴国三年（978）入汴，献所部十三州一军，吴越国除，杭州由此以和平方式入宋，城市未遭兵燹，为后来南宋定都保存了基础。卒于南阳（邓州）。
sushi,苏轼,1037–1101,1037,1101,北宋文学家，两度仕杭，疏浚西湖、筑苏堤,linan,字子瞻，号东坡，眉州眉山人。熙宁四年（1071）因与王安石新法不合请外，通判杭州至熙宁七年（1074），协助知州陈襄修复钱塘六井，遍游西湖、孤山、灵隐，作《饮湖上初晴后雨》等名篇。元祐四年（1089）以龙图阁学士知杭州，赈济饥疫、设病坊（后称安乐坊）；五年（1090）上《杭州乞度牒开西湖状》，募民开湖，以葑泥筑南北长堤，杭人名为苏公堤；六年（1091）召还。杭州是其诗文与政绩的双重高峰，苏堤至今为西湖骨架。
zhaogou,赵构（宋高宗）,1107–1187,1107,1187,南宋开国皇帝，升杭州为临安府并定都行在,linan,宋徽宗第九子。靖康之变后于建炎元年（1127）在应天府即位，一路南逃扬州、杭州。建炎三年（1129）在杭州遭苗刘兵变，同年升杭州为临安府；冬金兵南下，航海避敌至明州、温州，兀术入杭焚掠。绍兴二年（1132）自越州还临安，以凤凰山原州治改建大内；绍兴八年（1138）正式定都。任用秦桧达成绍兴和议，杀岳飞。绍兴三十二年（1162）内禅孝宗，退居以秦桧旧第改建的德寿宫（北内）二十五年，卒葬会稽永思陵。
yuefei,岳飞,1103–1142,1103,1142,南宋抗金名将，冤死于临安大理寺狱,linan,字鹏举，相州汤阴人。建炎、绍兴间屡破金兵，绍兴十年（1140）郾城、颍昌大捷，进军朱仙镇，被十二道金牌召回。十一年（1141）被收兵权，改枢密副使，旋遭秦桧诬陷下大理寺狱。绍兴十一年十二月二十九日（公历1142年1月27日）赐死狱中，子岳云、部将张宪弃市。狱卒隗顺负尸葬于北山。孝宗即位（1162）诏复官，以礼改葬栖霞岭；淳熙六年（1179）谥武穆，嘉泰四年（1204）追封鄂王，嘉定十四年（1221）以智果院为功德寺，即今岳庙。其临安故宅（钱塘县西）后改为太学、国子监。
qinhui,秦桧,1090–1155,1090,1155,南宋宰相，主持绍兴和议，赐第望仙桥,linan,字会之，江宁人。靖康中随二帝北迁，建炎四年（1130）自金营南归，次年拜相，旋罢。绍兴八年（1138）再相，力主和议，十一年（1141）收三大将兵权、签订绍兴和议，并构陷岳飞致死。此后独相十八年。绍兴十五年（1145）高宗赐第于临安望仙桥东，旁建家庙，门庭显赫。二十五年（1155）卒于府第。其宅后收归官府，改建为高宗退居的德寿宫。今岳庙前有秦桧夫妇等跪像，为明代以后所铸。
liqingzhao,李清照,1084–约1155,1084,1155,宋代女词人，南渡后流寓临安并终老于此,linan,号易安居士，齐州章丘人，赵明诚妻。靖康后南渡，建炎三年（1129）明诚卒于建康，她携金石书画追随高宗行踪流徙越州、明州、台州、温州，文物散佚大半。绍兴二年（1132）至杭州，再嫁张汝舟，旋讼离，系狱九日得解。绍兴四年（1134）作《金石录后序》，同年避兵金华，作《打马图经》《武陵春》。约次年返临安，此后长居，曾进帖子词；晚年居所具体坊巷史无明文。卒年诸家考订不一，一般定在1155年以后。
luyou,陆游,1125–1210,1125,1210,南宋诗人，多次入临安应试、任职,linan,字务观，号放翁，越州山阴人。绍兴二十三年（1153）赴临安锁厅试第一，因名列秦桧孙秦埙之前，次年礼部试被黜。秦桧死后入仕，绍兴末任敕令所删定官、枢密院编修官，孝宗赐进士出身。乾道间入蜀，从王炎幕于南郑。淳熙十三年（1186）春召对临安，客居砖街巷（今孩儿巷一带）作《临安春雨初霁》，旋知严州。其后任军器少监、礼部郎中；嘉泰二年（1202）入临安修孝宗、光宗两朝实录，次年归山阴，终老三山。
xinqiji,辛弃疾,1140–1207,1140,1207,南宋词人、将领，自金境南归，多次在临安行在任职召对,linan,字幼安，号稼轩，齐州历城人。生于金境，绍兴三十一年（1161）参加耿京义军，次年奉表南归，旋率五十骑擒叛将张安国献俘行在。乾道元年（1165）上《美芹十论》；乾道六年（1170）孝宗于延和殿召对，作《九议》，任司农寺主簿；淳熙元年（1174）前后任仓部郎官，均在临安。其后历任江西、湖北、湖南、福建等路帅漕，屡遭弹劾，退居上饶带湖、铅山瓢泉。嘉泰三年（1203）知绍兴府，次年入临安召见，出知镇江府，作《永遇乐·京口北固亭怀古》。开禧三年（1207）卒于铅山。
zhuxi,朱熹,1130–1200,1130,1200,南宋理学集大成者，绍熙五年在临安任经筵侍讲，立朝四十余日,linan,字元晦，号晦庵，徽州婺源籍，生于南剑州尤溪。绍兴十八年（1148）登进士第，赴临安应试。隆兴元年（1163）入临安奏对，力陈复仇大义；淳熙十五年（1188）延和殿奏事。其一生立朝时间极短。绍熙五年（1194）宁宗即位，经赵汝愚荐，自潭州召为焕章阁待制兼侍讲，十月入临安讲《大学》，屡上疏论韩侂胄干政，闰十月被内批罢去，《宋史》称“立朝才四十日”（据年谱日期推算约四十六日）。随后庆元党禁起，道学被斥为伪学，庆元六年（1200）卒于建阳考亭。
wentianxiang,文天祥,1236–1283,1236,1283,南宋末年丞相，出使元营被扣，抗元殉国,linan,字宋瑞，号文山，吉州吉水人（《宋史》本传；旧以州望称庐陵）。宝祐四年（1256）于临安集英殿廷试第一。德祐元年（1275）在赣州起兵勤王，入卫临安。德祐二年（1276）正月伯颜兵临皋亭山，太皇太后谢氏奉表请降，十九日文天祥除右丞相兼枢密使，二十日赴元营明因寺谈判，抗辩被扣。二月随祈请使北上，至镇江脱逃，经真州、扬州、通州浮海至温州，追随益王、广王继续抗元。祥兴元年（1278）在海丰五坡岭被俘，押赴大都囚禁三年，至元十九年十二月初九（1283年1月9日）就义于柴市。
zhoumi,周密,1232–1298,1232,1298,宋元之际文人，《武林旧事》《癸辛杂识》作者，入元后寓居杭州,linan,字公谨，号草窗、弁阳老人，祖籍济南，生于湖州。少随父宦游，长期出入临安，与杨缵、张枢等词人结社于西湖，熟谙宫廷典礼与都城风物。宋末据传任义乌县令等职（待考）。宋亡不仕，至元中湖州弁山家业毁于兵，移居杭州癸辛街杨氏（杨沂中后人）宅，以书画金石自遣，追忆临安旧事撰《武林旧事》十卷，记朝廷典礼、节序、市井伎艺，又著《癸辛杂识》记杨琏真迦发陵等时事，是研究南宋临安最重要的亲历者文献之一。卒年一说1298，一说1308。
marcopolo,马可·波罗,1254–1324,1254,1324,威尼斯商人，《行纪》称其到访“行在”（Kinsay/Quinsai）,linan|yunhe,威尼斯人，按其口述、鲁斯蒂谦笔录的《行纪》，1271年随父叔东行，约1275年抵上都觐见忽必烈，在元廷任事十七年，约1291年自泉州护送阔阔真公主出海西归。《行纪》用长篇描写“行在”（Kinsay，即前南宋临安、元杭州）：城周约百里、桥梁一万二千（显属夸张）、西湖游船、十大市集、浴堂、宫城旧址与繁盛商税，是欧洲关于杭州最早的详细记载。其是否亲至中国存在争议：Frances Wood（1995）质疑；杨志玖据《永乐大典·站赤》使者名单、Hans Ulrich Vogel（2013）据货币盐政细节论证其可信。本条按主流说法记录，路线年份多为推算。
fuchai,夫差,?—前473,-520,-473,春秋吴王，邗沟开凿者,yunhe,春秋末年吴国国君，阖闾之子。前494年败越于夫椒后转而北争中原，为把江南舟师与军粮运到淮河流域，于前486年在广陵筑邗城、开邗沟，沟通长江与淮河，是大运河最早有明确纪年的一段。前484年艾陵大胜齐军，前482年又在商、鲁之间开深沟（菏水）通济、沂，北上黄池会盟争霸。同年越军乘虚袭吴，前473年吴亡，夫差自刭。邗沟此后历经隋唐宋明清疏治，至今仍是淮扬运河的骨干。
yangdi,隋炀帝杨广,569—618,569,618,隋朝第二代皇帝，大运河体系的奠基者,yunhe,隋文帝次子，604年即位。605年营东京洛阳，同年发河南、淮北百余万人开通济渠，自板渚引河入汴达淮，又发淮南十余万人重开邗沟，并造龙舟首幸江都；608年开永济渠北达涿郡；610年穿江南河至余杭，五年间以洛阳为中心连通五大水系。611年自江都入通济渠赴涿郡，以运河转粮征高丽。616年三下江都，618年在江都被弑。“隋亡为此河”，其功过皆系于运河。
mashumou,麻叔谋,传说人物（托于605年前后）,605,606,《开河记》中的隋“开河都护”，开汴河传说的主角,yunhe,不见于正史，仅见于唐宋传奇《开河记》及后世小说。传说炀帝因睢阳有王气、欲幸广陵，命征北大总管麻叔谋为开河都护，自大梁起首开汴渠东至淮口；他沿途掘墓受贿，在宁陵蒸食婴儿，到睢阳受金改河道回护城池，终被腰斩河侧。故事凝聚了民间对开河徭役之苦的记忆，人物与情节均属虚构，年份亦为附会，各站皆为D级。
peiyaoqing,裴耀卿,681—743,681,743,唐开元宰相，江淮河南转运使，漕运“转般法”创立者,yunhe,绛州稷山人，开元中历济、宣、冀州刺史，深知江南漕船溯汴入河“阻滞日多”之弊。733年任京兆尹，值关中谷贵，建议罢陕州陆运、沿河置仓分段转运，使“江南之舟不入黄河，黄河之舟不入洛口”，同年拜相充江淮河南转运使；734年于汴河入河口置河阴县、河阴仓，三门置集津、盐仓，开山路十八里避砥柱之险。三年运米七百万石，转般法遂为唐宋漕运基本制度。
liuyan,刘晏,716—780,716,780,唐代宗朝度支盐铁转运使，安史之乱后漕运的重建者,yunhe,曹州南华人。安史乱后汴河淤塞、关中乏粮，762年领度支盐铁转运使，763年拜相仍充使，764年与河南副元帅开决汴河，恢复江淮漕路。他以盐利雇漕工而不发丁男，扬子造船，每船千斛、十船为纲，“江船不入汴，汴船不入河，河船不入渭”，岁运粟百一十万石而无升斗溺者。779年天下财赋皆归其掌，780年为杨炎所构，贬忠州赐死。其漕法为唐后期所遵行。
baijuyi,白居易,772—846,772,846,中唐诗人，杭州、苏州刺史，运河题材诗歌的代表作者,yunhe,字乐天，下邽人。少年随父寓居汴河畔的符离，往来皆取汴水，后有《汴河路有感》追忆。元和间作《新乐府·隋堤柳》，写“西自黄河东至淮，绿荫一千三百里”的隋堤与亡国之鉴。822年出为杭州刺史，825年再任苏州刺史，往来循江南运河。传为其作的《长相思》“汴水流，泗水流，流到瓜洲古渡头”把汴、泗、邗沟与瓜洲渡连成一条抒情水路，成为运河最著名的诗意注脚。晚年居洛阳。
pirixiu,皮日休,约834—约883,834,883,晚唐诗人，《汴河怀古》作者,yunhe,字袭美，襄阳竟陵人，自号鹿门子。咸通八年（867）进士，此前求仕往返江淮与两京，取道汴河。《汴河怀古二首》以“万艘龙舸绿丝间，载到扬州尽不还”写炀帝南巡，又以“尽道隋亡为此河，至今千里赖通波。若无水殿龙舟事，共禹论功不较多”给运河以功过两分的评价，为后世论隋唐运河最常引之句。868年前后入苏州崔璞幕，与陆龟蒙唱和。无正史本传，生平据《唐才子传》。
guoshoujing,郭守敬,1231—1316,1231,1316,元代水利学家、天文学家，通惠河设计者,yunhe,字若思，邢台人。1262年见忽必烈于开平，面陈水利六事，首言修中都漕河引玉泉水通舟至通州。1275年奉命行视河北、山东可通舟处并绘图上奏，为济州河、会通河南北贯通提供依据。1291年复任都水监，建议别引昌平白浮泉，沿山麓西折南下汇积水潭，东至通州入白河，沿途置闸节水；1292年春动工，1293年秋成，忽必烈过积水潭见舳舻蔽水，赐名通惠河，江南漕船自此可直抵大都城内。
zhudi,朱棣（明成祖）,1360—1424,1360,1424,明成祖，迁都北京与会通河复通的决策者,yunhe,明太祖第四子，封燕王镇北平，1402年即位。永乐初北方军粮靠海运与“陆海兼运”，1403年命陈瑄总督海运，建百万仓于直沽。因海运多险、陆挽百七十里民苦，1411年采纳潘叔正建议，命宋礼复浚元代会通河，用白英之策筑戴村坝、南旺分水。1415年陈瑄凿清江浦，漕舟由江入淮入河直达北京，遂罢海运。1421年正月御奉天殿受朝贺正式迁都。以运河为动脉、以北京为都城的明清格局由此奠定。
songli-baiying,宋礼与白英,宋礼 ?—1422；白英 生卒不详（一说1363—1419）,1363,1422,明永乐工部尚书与汶上民间水利家，南旺分水工程的主持者与献策者,yunhe,宋礼，河南永宁人，永乐工部尚书；白英，汶上民间水利家，正史仅书“汶上老人白英”。1411年宋礼奉命复浚元末淤废的会通河，采用白英之策：在东平戴村筑坝横亘五里遏汶水，使其尽出南旺“水脊”，中分南北，南四北六，又置闸三十八、设水柜陡门以时蓄泄，二十旬工成。此后明清五百年京杭运河得以贯通，二人并祀于南旺分水龙王庙。白英生平详节多出自后世方志与传说。
chenxuan,陈瑄,1365—1433,1365,1433,明永乐至宣德漕运总兵官，清江浦开凿者,yunhe,字彦纯，合肥人。靖难时以舟师迎降，1403年总督海运，输粟四十九万余石饷北京、辽东，建百万仓于直沽并城天津卫。会通河复通后改董河运，造浅船二千余艘，岁运二百万石渐至五百万石。1415年用故老言，自淮安管家湖凿渠二十里为清江浦，导湖水入淮，置四闸以时启闭，漕舟由江入淮直达于河。又凿吕梁洪、开白塔河、筑高邮湖堤内渠，自淮至临清置闸四十七。治漕三十年，卒于淮安任上。
panjixun,潘季驯,1521—1595,1521,1595,明代四任总理河道，“束水攻沙”治河方略的确立者,yunhe,字时良，乌程人。1565年首任总理河道，与朱衡共开南阳新河；1570年再任塞邳州决口。1578年三任，时黄河决崔镇、清口淤塞，他提出“淮清河浊”，筑堤束水以水刷沙、筑高家堰束淮入清口以清刷浊，1579年筑高家堰堤六十余里、遥堤五万六千余丈，塞决口一百三十，黄淮复合于清口。1588年四任，前后二十七年。“以堤束水，以水攻沙”（见《河防一览》）成为此后三百年黄运治理的基本方针。
jinfu,靳辅,1633—1692,1633,1692,清康熙河道总督，中运河开凿者,yunhe,字紫垣，汉军镶黄旗人。1677年授河道总督，时高家堰决三十余处、清口涸为陆地，他一日上八疏，主张自清江浦至云梯关挑引河、筑大堤束水入海，培修高家堰，浚清口至清水潭运河二百三十里，幕客陈潢承潘季驯束水刷沙之说辅之。1686年起自骆马湖凿渠历宿迁、桃源至仲家庄，名曰中河，粮船出清口即入中河，避黄河一百八十里之险；1688年勘视称“中河安流”。同年因屯田、下河之争被劾罢，后复起，卒于任。
qianlong,乾隆帝（弘历）,1711—1799,1711,1799,清高宗，六次南巡皆循运河往返,yunhe,清高宗，1735年即位。仿康熙故事，于1751、1757、1762、1765、1780、1784年六次南巡江浙，均自北京循运河南下：经德州、济宁、泰安曲阜，至清口渡黄河，阅高家堰、天妃闸等黄淮运工程，经扬州渡江至镇江、苏州、杭州或江宁，再循原路北归。南巡以阅视河工、海塘为名，“大建堤堰，虽糜巨万帑金不恤”，也把运河沿线行宫、园林与盐商文化推向极盛，其耗费与漕制僵化为嘉道以后运河衰落埋下伏笔。
weiyuan,魏源,1794—1857,1794,1857,《海国图志》编撰者，今文经学家、经世派学者,haiguo,字默深，湖南邵阳人。道光二年顺天举人，入赀为内阁中书，道光二十四五年间成进士，历署东台、兴化，补高邮知州。久居扬州，鸦片战争后据林则徐所译《四洲志》及中外史志，编成《海国图志》，由五十卷而六十卷而百卷，提出“师夷长技以制夷”。另著《圣武记》《书古微》《诗古微》《元史新编》。晚年寓杭州，卒于咸丰七年（《清史稿》作六年）。
linzexu,林则徐,1785—1850,1785,1850,钦差大臣、两广总督，《四洲志》主持者,haiguo,字少穆，福建侯官人，嘉庆十六年进士。道光十八年力主严禁鸦片，受钦差大臣赴粤，十九年春抵广州，虎门销烟，整顿海防，并组织译员翻译外国书报，编成《四洲志》。二十年革职，次年遣戍伊犁，途经京口与魏源相晤。后在新疆兴屯垦，召还历任陕甘、云贵。道光三十年奉命赴广西，行次潮州病卒，谥文忠。
sakuma_shozan,佐久间象山,1811—1864,1811,1864,松代藩士、兵学·洋学者,haiguo,天保十三年（1842）鸦片战争之际上书言海防。1854年因门人吉田松阴密航案下狱，狱中所撰《省諐录》记读魏源著作，惊叹二人同年“感时著言”，称魏源为“海外同志”；但他主张讲求炮舰、邀击外海，并批评魏书所辑铳炮之说粗疏，体现出对《海国图志》既共鸣又超越的态度。
yoshida_shoin,吉田松阴,1830—1859,1830,1859,长州藩士、思想家、松下村塾主持,haiguo,佐久间象山门人。1854年佩里第二次来航时企图于下田登美舰密航失败，被押回萩入野山狱，狱中大量读书。国立国会图书馆解说列其为《海国图志》的读者；中文综述引其1854年11月书信称林则徐、魏源为有志之士。松阴全集原文未见，读书时间与原话待核。
yokoi_shonan,横井小楠,1809—1869,1809,1869,熊本藩士、儒者、越前藩政顾问,haiguo,肥后实学党领袖。安政二年（1855）前后移居沼山津，与门人内藤泰吉共读《海国图志》美、英、俄诸国篇，由此了解欧美政治经济，思想由攘夷转向有条件开国，后在福井藩著《国是三论》（1860）。与《海国图志》的关系见今人研究，本人原话尚未取得。
hashimoto_sanai,桥本左内,1834—1859,1834,1859,福井藩士、藩医、洋学者,haiguo,福井藩士，曾于大阪适塾学兰学，后辅佐松平春岳参与将军继嗣运动，1859年死于安政大狱。日本国立公文书馆展示称《海国图志》给左内等志士以深刻感铭，但左内书信或著作中提及此书的原文未见，关系暂列 C 级待核。
shionoya_toin,盐谷宕阴（世弘、甲藏）,1809—1867,1809,1867,幕府儒官,haiguo,受幕臣川路圣谟委托，与箕作阮甫合作为《海国图志·筹海篇》加训点，嘉永七年由江户须原屋伊八刊为《翻栞海国图志》，开日本翻刻《海国图志》之端。
mitsukuri_genpo,箕作阮甫,1799—1863,1799,1863,津山藩医、兰学者，后任蕃书调所教授,haiguo,与盐谷宕阴合校《翻栞海国图志》，负责为地名等西洋专名加注读音，使汉文本便于日本读者理解。
xuanzang,玄奘,约602—664,602,664,西行求法僧，《大唐西域记》口述者，唐初译经大师,xuanzang,俗姓陈，名祎，洛州缑氏人。十三岁左右于洛阳得度，游学成都、荆州、相州、赵州、长安，因诸师所说不一，发愿西行求《瑜伽师地论》。贞观三年（629）上表不许而私行出关，经高昌、天山北道、中亚诸国与覩货逻故地入五印度，在那烂陀寺从戒贤学五年，遍游东南西印度，贞观十六年（642）在曲女城大会立论，十九年（645）正月携梵本六百五十七部返抵长安。此后在弘福寺、大慈恩寺、玉华宫主持译场近二十年，译出经论七十余部一千三百余卷，麟德元年（664）二月卒于玉华寺。生年诸说不一。
qu_wentai,麴文泰,?—640,,640,高昌国王（玄奘结义兄长、西行最大资助者）,xuanzang,高昌麴氏王，曾随其父入隋朝觐。闻玄奘西行，遣使自伊吾迎至王城，强留不成，遂与之结为兄弟，约归途留住三年；资以沙弥四人、马三十匹、手力二十五人及二十年往返之资，并致书西突厥叶护可汗与沿途二十四国。贞观十四年（640）唐军伐高昌时病卒（见两《唐书》，慈恩传未载），玄奘东归时高昌已亡。
yehu_khagan,叶护可汗（通常比定为西突厥统叶护可汗）,?—628（若为统叶护；卒年另有630说）,,628,西突厥可汗,xuanzang,慈恩传称“突厥叶护可汗”，玄奘在素叶城逢其出猎。可汗于金花大帐接见，以葡萄浆代酒款待，劝玄奘勿往炎热的印度，后遣通汉语的摩咄达官持诸国书护送至迦毕试，其长子呾度设镇活国。一般比定为统叶护可汗，但其被杀年份（约628）早于629年出发说所推的会面时间，是玄奘出发年代争议的关键。
jiexian,戒贤（尸罗跋陀罗 Śīlabhadra）,生卒不详（玄奘抵寺时据《续高僧传》年百六岁）,,,那烂陀寺住持，玄奘之师,xuanzang,护法弟子，那烂陀寺众尊称“正法藏”而不直呼其名。相传久患风病欲绝食，梦菩萨告以当待支那僧来授《瑜伽论》，故见玄奘而悲喜交集。为玄奘讲《瑜伽师地论》十五月，赞同其归国翻译之志，劝其应鸠摩罗王之请。永徽年间（约654）玄奘致智光书中已悼其“无常”。
shengjun,胜军（阇耶犀那 Jayasena）,生卒不详,,,杖林山居士论师,xuanzang,苏剌侘国刹帝利种，先后从贤爱学因明、从安慧学声明及大小乘论、从戒贤学《瑜伽》，兼通外典。摩揭陀满胄王与戒日王先后请为国师、封邑，皆辞不受，隐居杖林山授徒。玄奘从学《唯识决择论》等二年，并同往菩提寺观舍利；玄奘向其述文殊示警之梦，胜军劝其自图去就。
harsha,戒日王（尸罗阿迭多 Śīlāditya / Harṣavardhana）,约590—647（在位约606—647）,,647,羯若鞠阇国王，统一北印度,xuanzang,其兄为东印度设赏迦王所害，大臣拥立之，雪兄仇而统一北印度，崇佛好施，五年一设无遮大会。先后闻玄奘之名，于羯朱嗢祇罗与之相见，问及《秦王破阵乐》；为玄奘召开曲女城大会，并邀其观钵逻耶伽七十五日大施，临别资送并以书令沿途诸国递送。慈恩传称其卒于“永徽之末”，与通行卒年647不合。
kumara,鸠摩罗王（拘摩罗王，童子王 Bhāskaravarman）,生卒不详（活动于7世纪上半叶）,,,东印度迦摩缕波国王,xuanzang,闻被玄奘论屈的婆罗门称誉，三度遣使向戒贤请玄奘，甚至扬言发象军踏平那烂陀。玄奘至迦摩缕波受供养月余。戒日王索人，他先答“我头可得，法师未可即来”，旋惧而率象军二万、船三万艘送玄奘赴戒日王所，曲女城大会中作梵王形执宝盖侍佛像左，并欲为玄奘造百寺以留之。
tang_taizong,唐太宗李世民,598—649,598,649,唐朝皇帝,xuanzang,玄奘出发时唐初禁民出蕃，上表不许。玄奘归国后于洛阳宫仪鸾殿召见，不究私行之罪，详询西域事，屡劝其还俗辅政不成；命撰《大唐西域记》，为新译经论御制《大唐三藏圣教序》。晚年在玉华宫、翠微宫常与玄奘谈论佛理，叹“朕共师相逢晚”，贞观二十三年五月崩于翠微宫含风殿。
tang_gaozong,唐高宗李治,628—683,628,683,唐朝皇帝（慈恩传称“天皇大帝”）,xuanzang,为太子时撰《述圣记》，为追念母亲文德皇后营建大慈恩寺，请玄奘为上座。即位后礼敬逾隆，亲撰并书《大慈恩寺碑》，请玄奘为皇子佛光王剃度，许其往玉华宫译《大般若经》。玄奘卒，罢朝哀叹“朕失国宝矣”，敕官给葬事；总章二年敕迁葬樊川。
bianji,辩机,?—约649,,649,译场缀文大德，《大唐西域记》撰文者,xuanzang,长安会昌寺僧（西域记卷首题“大总持寺沙门”），贞观十九年应征入弘福寺译场为九位缀文大德之一，负责笔受润文。《大唐西域记》十二卷卷首题“玄奘奉诏译、辩机撰”，即由玄奘口述、辩机整理成文。据《新唐书·合浦公主传》，后因与高阳公主私事被太宗处死，约在贞观末年；此事不见于慈恩传。
huili_yancong,慧立、彦悰,慧立生卒不详（隋末唐初人）；彦悰活动于唐高宗、武后时期,,,《大慈恩寺三藏法师传》作者,xuanzang,慧立俗姓赵，豳州人，隋起居郎赵毅之子，应征入玄奘译场为缀文大德，永徽六年曾致书于志宁为玄奘辩护。他据亲见撰传五卷，藏于地窖，临终始命门人掘出，后散佚。彦悰搜得其本，于垂拱四年（688）续补为十卷并作笺序，即今《慈恩传》，为玄奘最详尽的原始传记。
kuiji,窥基,632—682（据《宋高僧传》）,632,682,玄奘弟子，法相唯识宗实际开创者,xuanzang,俗姓尉迟，唐开国功臣尉迟敬德之侄，少年从玄奘出家，参与译场，与玄奘共同糅译《成唯识论》并撰《成唯识论述记》等，号“百本疏主”，后世尊为慈恩大师。慈恩传仅一见其名：龙朔三年《大般若经》译毕，玄奘命其奉表请高宗御制经序。生平事迹主要见于《宋高僧传》（非本地文本）。
limadou,利玛窦,1552—1610,1552,1610,耶稣会士，《坤舆万国全图》的作者,kunyu,意大利人，耶稣会士。万历十年（1582）来华，先后在肇庆、南京、北京刻世界图，1602 年与李之藻在北京刻成六幅《坤舆万国全图》，自署「歐邏巴人利瑪竇」。
lizhizao,李之藻,1565 或 1571—1630,1565,1630,工部官员，与利玛窦同刻《坤舆万国全图》,kunyu,字振之，号我存，浙江仁和人。时任工部营缮司，嫌利玛窦南京刻本狭小，与同志作屏障六幅，1602 年在北京刻成《坤舆万国全图》，并为之作序。
liu-xuexun,刘学询,1855—1935,1855,1935,刘庄（水竹居）主人,hupan,粤商，进士出身，以经营「闱姓」致富，曾为李鸿章亲信，与孙中山有往来。在西湖建水竹居（今刘庄）；1909年以园抵押大清银行借银10万两，民初园被没收，1918年赎回。
liu-qiyan,刘启言,1930—2019,1930,2019,刘学询幼子，在刘庄长大,hupan,刘学询75岁时所生幼子，少年时住刘庄。1949年后参军，母亲于1953年将刘庄捐给国家。晚年协助西湖国宾馆整理馆史。
wang-zixin,汪自新（惕予）,？—1941,,1941,汪庄（清白山庄）主人,hupan,安徽绩溪人。1895年从父亲汪立政手中接管上海汪裕泰茶号，1920年代在雷峰塔下营建清白山庄（今汪庄），藏琴百余张。兼行医、办医校，著医书17种。杭州沦陷后回上海，1941年病故。
shi-liangcai,史量才,1880—1934,1880,1934,为妻子建秋水山庄,hupan,1912年接办《申报》。1925年起为妻子沈秋水在北山营建秋水山庄，1932年落成。1934年11月13日自山庄驾车返沪，在海宁境内沪杭公路旁遇刺身亡。
shen-qiushui,沈秋水,？—1956,,1956,史量才之妻，秋水山庄因她得名,hupan,原名沈慧芝，史量才之妻。史量才遇刺后，她将秋水山庄捐作尚贤妇孺医院，此后吃斋念佛，1956年去世。
zhang-jingjiang,张静江,1877—1950,1877,1950,静逸别墅住户，西湖博览会主持者,hupan,湖州南浔人。1927—1929年间两任浙江省政府主席，寓居葛岭静逸别墅。1928年下令拆除西泠桥畔松风上人墓，1929年主持首届西湖博览会。1930年与蒋介石决裂，抗战前离杭，1950年卒于纽约。
he-baolin,何宝林（一作何葆龄）,生卒不详,,,何庄主人，新新饭店前身业主,hupan,宁波鄞县人，何锦丰洋广杂货号老板。1896年在北山建成中、西式楼房三幢，称何庄。1909年其子何积藩与董锡赓合股在何庄接待宾客，即新新旅馆之始。
dong-xigeng,董锡赓,生卒不详,,,新新旅馆创办人,hupan,1909年与何积藩合股在何庄开设旅馆，1913年定名新新旅馆；后独立经营，1922年建成五层中楼。
liu-jinzao,刘锦藻,生卒不详,,,坚匏别墅主人,hupan,南浔刘镛次子，经营电气、银行等业。在宝石山下营建坚匏别墅（俗称小刘庄），前后26年；刘家迁居上海后很少来住。
hongsan,弘伞（程中和）,生卒不详,,,招贤寺住持,hupan,俗名程中和，曾是「二次革命」将领，出家后自号招贤老人，主持招贤寺修缮，与弘一发愿整理《华严疏钞》。1946年丰子恺来杭时暂住寺中。
hongyi,弘一（李叔同）,1880—1942,1880,1942,在虎跑寺出家的教师,hupan,俗名李叔同，在浙江两级师范学堂任教6年，学生有丰子恺、潘天寿。1916年底在虎跑寺断食18天，1918年8月23日（农历七月十三）在虎跑剃度。与招贤寺住持弘伞发愿整理《华严疏钞》。
feng-zikai,丰子恺,1898—1975,1898,1975,湖畔小屋住户,hupan,1946年11月来杭，暂住招贤寺；1947年3月11日迁入北山街85号平屋，名「湖畔小屋」，题联「门对孤山放鹤亭，居临葛岭招贤寺」。1948年与郑振铎在湖畔夜饮，作《湖畔夜饮》。
ma-yifu,马一浮,1883—1967,1883,1967,1950—1966年住蒋庄,hupan,1950年4月应弟子蒋国榜之邀住进蒋庄，一住17年；1952年陈毅冒雨立檐下等候来访，1957年4月周恩来陪伏罗希洛夫来访。1966年离开蒋庄避居安吉路，次年去世。曾为盖叫天题「燕南寄庐」。
gai-jiaotian,盖叫天,1888—1971,1888,1971,燕南寄庐主人,hupan,京剧南派武生。在金沙港用演出积蓄逐步建起燕南寄庐；杭州沦陷时将十八罗汉像埋入地下。文革中被抄家，寓所分住27户。1971年1月15日在杭州病逝。2003年燕南寄庐修复。
lin-fengmian,林风眠,1900—1991,1900,1991,国立艺术院院长，玉泉别墅主人,hupan,1928年不满28岁任孤山罗苑国立艺术院首任院长；1934年在马岭山自建玉泉别墅，沦陷期间别墅沦为日军马厩，油画被撕毁。1951年辞职迁居上海，1959年别墅被杭州植物园收买。
huang-binhong,黄宾虹,1865—1955,1865,1955,栖霞岭旧居住户,hupan,1948年秋83岁时自北平南下杭州，先住岳庙旁栖霞岭19号艺专宿舍，1952年春租住栖霞岭楼家小楼。89岁做白内障手术后继续作画。1955年3月25日在杭州去世，作品与收藏一万余件捐给国家。
zhang-taiyan,章太炎,1869—1936,1869,1936,墓在南屏山,hupan,1936年6月在苏州去世，灵柩在家中抽干的鱼池里暂厝近20年；1955年迁葬杭州南屏山北麓，与张苍水墓相距50米。墓在文革中被毁，1981年修复。
qiu-jin,秋瑾,1875—1907,1875,1907,墓在西泠桥畔,hupan,1907年在绍兴就义。1908年2月徐自华、吴芝瑛将其葬于西泠桥畔，同年12月被迫迁回绍兴；1913年秋迁回西湖。墓此后屡遭迁毁，1981年9月5日在西泠桥南端重建，凭颈骨刀痕认骨。
ding-bing,丁申、丁丙,丁申 1829—1887；丁丙 1832—1899,,,抢救文澜阁库书的藏书家兄弟,hupan,杭州藏书家兄弟。1861年太平军破城后，雇人连夜到文澜阁残垣中抢救散落库书，又从市上高价收购，共得8689册，约占原书四分之一。
chen-xunci,陈训慈,1901—1991,1901,1991,浙江图书馆馆长（1932—1941）,hupan,1937年8月主持文澜阁《四库全书》与善本共228箱西迁，夏定域、毛春翔随书护送，竺可桢调车协助。书于1946年7月5日运回孤山。
yu-yue,俞樾,1821—1907,1821,1907,俞楼主人,hupan,浙江德清人。1868年起主讲诂经精舍三十余年；1878年弟子集资在孤山为他建俞楼。孙俞陛云、曾孙俞平伯。
wu-changshuo,吴昌硕,1844—1927,1844,1927,西泠印社首任社长,hupan,1913年西泠印社首次社员大会上，69岁的吴昌硕被推为首任社长。文革中社内他的铜像被驻社工宣队砸烂，卖给废品站。
yu-yinchu,余寅初,？—1931,,1931,二我轩照相馆创办人,hupan,清光绪年间在涌金门外开设二我轩照相馆。1909年鲁迅在店中拍照；1910年二我轩《西湖各景》48幅获南洋劝业会金牌。1931年在积善坊巷8号家中去世，葬西湖龙井。
yu-tiehua,余铁华,生卒不详,,,二我轩第三代经营者,hupan,余有生长子，约1947—1948年23岁时从父亲手中接过二我轩。1953年店歇业，全家迁居饮马井巷。
xu-zhongfu,徐仲甫,生卒不详,,,活佛照相馆老板,hupan,约1925年开设活佛照相馆，店名取自济公活佛。1929年西湖博览会期间发行《浙江西湖全景》影集，收1915—1924年西湖风景照48幅。
du-jinsheng,都锦生,1897—1943,1897,1943,都锦生丝织厂创办人,hupan,1897年生于西湖茅家埠。1922年以一台手拉织机、两名工人起家；1926年作品获费城世博会金奖，1929年获西湖博览会特等奖。1937年厂被日军烧毁，他拒任伪职，1943年在上海病逝。
sturton,苏达立（Stephen Douglas Sturton）,生卒不详,,,广济医院院长（1928年起）,hupan,英国传教医生，1928年接替梅藤更任广济医院院长。杭州沦陷后任红十字会秘书，参与收容妇孺。1938年7月30日日军从院中带走106名伤兵。1942年11月11日被日本宪兵拘捕，押往上海集中营。
clayton,葛烈腾（Edward H. Clayton）,生卒不详,,,蕙兰中学校长,hupan,美籍教育传教士。1937年杭州沦陷后在蕙兰中学开设避难所，实收约3000人；书信记下12月27日凌晨两百多名妇女逃入。著有回忆录《天堂之下》。
gui-lin,贵林,？—1911,,1911,杭州旗营协领,hupan,1911年杭州光复时代表旗营议降，随后以「匿留枪械、图谋反抗」罪与其子、哈楚显一同在咨议局被枪决。
lu-xun,鲁迅,1881—1936,1881,1936,在二我轩拍照，在孤山采标本,hupan,1909年秋29岁自日本回国，任浙江两级师范学堂教员，在二我轩拍下回国后第一张照片，即入职照。在校约一年，常带学生到孤山、葛岭、栖霞岭等地采集植物标本。
mao-zedong,毛泽东,1893—1976,1893,1976,北山街84号院、刘庄、汪庄住客,hupan,1953年12月24日到杭，在北山街84号院30号楼主持起草宪法，1954年3月17日离杭。1953—1960年来杭几乎都住刘庄，1961年刘庄重建后改住汪庄。
chiang-kaishek,蒋介石,1887—1975,1887,1975,澄庐为其行辕之一,hupan,南山路澄庐为其三大行辕之一。中新网称1927年他与宋美龄旅行结婚，首站在澄庐。1937年3月周恩来来杭州与他谈判，宋美龄在场。
sheng-enyi,盛恩颐,生卒不详,,,澄庐首任业主,hupan,盛宣怀之子，汉冶萍公司总经理。1920年代中期在南山路建澄庐，后为蒋介石行辕；日占时期作日本神社，1949年后改作幼儿园。
ding-yunchuan,丁云川,生卒不详,,,二我轩、活佛影集收藏者,hupan,约1964年在朋友家用身上仅有的15元换得二我轩1910年西湖影集，约40年后捐给西湖博物馆；2005年11月将活佛照相馆《浙江西湖全景》影集捐给杭州市档案馆。
chen-bulei,陈布雷,1890—1948,1890,1948,坚匏别墅住户,hupan,时任浙江省教育厅长，兼为蒋介石执笔。原独居乐庐，1932年「一·二八」后妻子王允默带7个孩子来杭，一家九口迁入坚匏别墅，1934年2月赴南京。西安事变后在孤云草舍隔壁写成《西安半月记》。
liu-titing,刘梯青,生卒不详,,,孤云草舍原业主,hupan,吴兴富商，南浔刘镛第三子。孤云草舍原为他的产业，1936年朱家骅任浙江省主席后以此为官邸。
zhu-jiahua,朱家骅,1893—1963,1893,1963,以孤云草舍为官邸的浙江省主席,hupan,1936年12月任浙江省政府主席，以孤云草舍为主席官邸，此处一时为浙江政治中心。1937年抗战爆发后由黄绍竑接任。
liu-chenggan,刘承干,生卒不详,,,刘锦藻之子，坚匏别墅继承人之一,hupan,刘锦藻之子，嘉业堂藏书楼主人。据称刘锦藻死后与兄弟分家，在坚匏别墅中间砌墙分隔。嘉业堂后归浙江图书馆。
yang-hucheng,杨虎城,1893—1949,1893,1949,东山别墅业主,hupan,东山别墅房契业主登记为「杨呼尘」，即杨虎城。1936年秋来杭与蒋介石会晤，不久发动西安事变，此后未来长住。1949年9月6日在重庆被杀；1951年其弟杨茂三委托张映溪出售此宅。
chen-diexian,陈蝶仙（天虚我生）,1879—1940,1879,1940,蝶巢主人,hupan,在上海创办家庭工业社，产「无敌」牌牙粉。1931年在北山桃源岭营建生圹「蝶巢」；1934年其子陈小蝶开设蝶来饭店。1940年病逝，遗言「胜利后，葬我于桃源岭」。
chen-xiaodie,陈小蝶（陈定山）,生卒不详,,,蝶来饭店创办人,hupan,陈蝶仙之子。1934年将北山几间房屋及前后空地扩建为蝶来饭店，请胡蝶、徐来揭幕。后去台湾，著有《春申旧闻》。
song-chunfang,宋春舫,1892—？,1892,,春润庐建造者之一,hupan,浙江吴兴人，王国维表弟，戏剧理论家，曾任北大、清华教授。1920年代中期与妻舅朱润生合建春润庐，自建「春庐」。1932年在青岛建藏书楼褐木庐。
zhu-runsheng,朱润生,生卒不详,,,润庐建造者,hupan,银行家，宋春舫妻舅。1920年代中期出资与宋春舫合建春润庐，其中「润庐」为他所建。
tan-xihong,谭熙鸿,生卒不详,,,春润庐住户,hupan,1927年到杭任浙江大学农学院院长，在春润庐住了5年。北大师友南下杭州多在此小住，春润庐因此有「不挂牌的北大招待所」之称。
xiang-songmao,项松茂,1880—1932,1880,1932,春晖小筑主人,hupan,上海五洲大药房经理，人称「药房大王」。1931年与儿子项绳武买下春润庐，改名「春晖小筑」。1932年1月「一·二八」事变中为营救被日军抓走的店员被捕，次日遇害。
ma-wenche,马文车,？—1961,,1961,润庐建造者,hupan,浙江东阳人，1915年毕业于日本政法大学，曾任蒋介石秘书、甘肃省政府代理主席。1932年建润庐。1961年去世，终年72岁。
jin-runquan,金润泉,1878—1954,1878,1954,润庐第二任业主,hupan,1909年任大清银行浙江分行行长，此后主持中国银行杭州分行至1951年，前后四十多年。从马文车手中得到润庐。
he-kexi,何克希,1906—1982,1906,1982,润庐住户,hupan,新四军浙东纵队司令员，1966年起任浙江省政协副主席。1960—1970年代住润庐。1982年12月17日在杭州去世。
nan-huaijin,南怀瑾,1918—2012,1918,2012,润庐业主（1990年代）,hupan,1990年代初买下润庐，后定居苏州太湖大学堂，将润庐转卖。
lin-jiuru,林九如,生卒不详,,,如庐主人,hupan,上海增裕原料号经理。1931年买下北山路34号旧屋，1941年请顾孟良改建为如庐，庐名取自其名中「如」字。
duncan-main,梅藤更（Duncan Main）,1856—1934,1856,1934,里西湖13号原业主，广济医院院长,hupan,英国传教医生，在杭行医45年。1896年在里西湖13号建屋，将广济麻风病院迁此，病人一次交5元挂号费即终身免费；1915年病院迁松木场。1926年离华。
sun-chuanfang,孙传芳,1885—1935,1885,1935,里西湖13号住客,hupan,直系军阀，1924年9月起督理浙江军务，以里西湖13号（今海盐馆）为官邸，一时「车水马龙，门庭若市」。1926年底在浙江失势。
huang-mingju,黄鸣驹,生卒不详,,,在里西湖13号工作的化学科科长,hupan,1931年任浙江省卫生试验所化学科科长，在里西湖13号编成中国第一部法医毒物学著作《毒物分析化学》。
wang-tan,王潭（静甫）,1857—1931,1857,1931,息庐主人,hupan,字静甫，中国银行职员。妻子去世后，1927年前后在北山街66号建息庐，取休养生息之意。
wang-fuan,王福庵（王褆）,1880—1960,1880,1960,西泠印社创始人之一,hupan,篆刻家，名褆，西泠印社创始人之一。周恩来经陈叔通请他为毛泽东刻印。
shi-mang,史莽（叶暇修）,生卒不详,,,集艺楼主人,hupan,原名叶暇修，杭州人。1954年起住北山街69号，自题「集艺楼」，沙孟海、方介堪、贺敬之常来此聚会。著有《西湖古诗集萃》《鲁迅的最后一年》，曾任中国鲁迅研究会理事。
pan-zhiquan,潘志铨,生卒不详,,,怡庐（潘宅）主人,hupan,上海洋行买办，在上海、莫干山、杭州、天目山等地置有洋房别墅。北山街75号怡庐1949年后收归国有，先作省委统战部办公处，后为省级机关宿舍。
wu-xian,吴宪,生卒不详,,,北山路76号住户,hupan,曾任新四军第四师敌工部副部长；1949年后历任杭州市长、浙江省副省长等职，住北山路76号省机关宿舍。
tang-enbo,汤恩伯,1899—1954,1899,1954,葛岭路30号别墅主人,hupan,国民党将领。其别墅在今北山街84号大院30号，1953年12月至1954年3月毛泽东在此主持起草宪法。
bao-bolin,鲍柏麟,生卒不详,,,穗庐主人,hupan,广东富商，又作鲍柏鳞，在广州、上海、杭州经营多种产业。1922—1925年在北山街94号建成住宅、祠堂、家坟合一的穗庐，又名鲍庄。
jiang-manfeng,江曼锋,生卒不详,,,北山路95号主人,hupan,士绅，与陈叔通、马寅初私交深厚。1934年建北山路95号私宅，抗战爆发后全家离杭，房屋空关；1958年该宅纳入社会主义改造。
gong-wenqian,龚文千,生卒不详,,,北山路97号主人,hupan,生于上海，抗战胜利后来杭。1947年自绘图纸，与同学合资建北山路97号，龚家此后一直居住于此。
chen-yi,陈仪,1883—1950,1883,1950,以日本领事馆旧址为官邸的浙江省主席,hupan,浙江绍兴人。1948年6月任浙江省主席，以石函路1号日本领事馆旧址为官邸。1949年2月被免职，随后被捕，1950年6月18日在台北被处决。
jiang-jingguo,蒋经国,1910—1988,1910,1988,北山街8号小住者,hupan,1948年10月至11月在杭期间，杭州市长周象贤将北山街8号拨给他暂住，他携妻儿住此。
li-shiqun,李士群,1905—1943,1905,1943,北山街8号沦陷时期业主,hupan,汪伪特工总部头目。抗战期间买下北山街8号，门牌改为圣塘路152号；1947年该宅被国民政府没收。
wang-xiangheng,王相恒,生卒不详,,,北山街8号建造者,hupan,上海商人。在当时杭州地价最高的地段购地两亩，1931年建成北山街8号中、西式楼房两幢。
huang-yuan,黄源,？—2003,,2003,北山街8号住户,hupan,作家，鲁迅学生。1949年后北山街8号归浙江省机关事务管理局，门牌改石函路7号，作干部宿舍，黄源曾住此。
zhou-enlai,周恩来,1898—1976,1898,1976,1937年谈判期间住柏庐,hupan,1937年3月与潘汉年来杭与蒋介石秘密谈判，由张冲安排住昭庆寺旁柏庐。后经陈叔通请王福庵为毛泽东刻印。
taixu,太虚,1890—1947,1890,1947,弥勒院住持,hupan,1920年驻锡宝石山弥勒院，《海潮音》编辑部设在这里；并请康有为为院门题匾。
yang-shuying,杨叔英,生卒不详,,,抱朴道院重修主持者,hupan,颜料商。1915—1919年与赵雨亭、贝润生等集资重修葛岭道院，在道舍内设染业公会，重建初阳台石亭，在红梅阁南增建抱朴庐，收藏文徵明《落花》小楷与郑板桥画竹门扇。
xi-xifan,席锡藩,生卒不详,,,葛荫山庄原主人（一说）,hupan,苏州洞庭山席氏第二代。文史作家徐骏在《杭州日报》撰文称他是葛荫山庄原主，许多书误记为「洞庭葛氏」；另有原主为湖南商人之说。
xu-zhijing,徐致靖,1843—1917,1843,1917,为葛荫山庄题联,hupan,江苏宜兴人，晚号仅叟，光绪进士，官至礼部侍郎，戊戌维新人物。曾为葛荫山庄题联，未见在此居住的记载。
lu-hongcang-zhixue,卢鸿沧、卢志学,生卒不详,,,卍字草堂主人父子,hupan,宁波商人父子，1920年代初在外东山弄建卍字草堂。1948年春卢志学将全部房屋土地捐作范德小学校址，另捐法币5亿元。
guo-renyuan,郭任远,1898—1970,1898,1970,王庄住户,hupan,1933—1936年任浙江大学校长，1930年代中期寓居北山街43号王庄。美篇称1936年竺可桢接任浙大校长的交接仪式在此举行。
zhang-daofan-jiang-biwei,张道藩、蒋碧微,张道藩 1897—1968；蒋碧微 1899—1978,,,曾同住抱青别墅（葛岭饭店）,hupan,张道藩为国民党中央宣传部长，蒋碧微为徐悲鸿前妻。两人曾在抱青别墅改成的葛岭饭店同住三个月，张道藩称「葛岭下面的岁月，是我一生中最惬意的岁月」。
xing-gengxing,邢庚星（抱青）,生卒不详,,,抱青别墅原业主,hupan,南浔富商，字抱青，又写作邢赓星，列南浔「八牛」之首。抱青别墅后由工程师于少甫租下，改为葛岭饭店。
cai-yuan-pei,蔡元培,1868—1940,1868,1940,国立艺术院创办人；春润庐住客,hupan,1926年住北山街54号春润庐。1928年出面向哈同家以一元银圆租金租下孤山罗苑，开办国立艺术院，林风眠任院长。
lian-heng,连横,1878—1936,1878,1936,台湾史学家，玛瑙寺寓居者,hupan,1926—1927年寓居葛岭玛瑙寺整理文史，有诗「他日移家湖上住，青山青史各千年」。其子连震东曾来杭探亲居住。玛瑙寺2008年辟为连横纪念馆。
qian-zhuang-fei,钱壮飞,1896—1935,1896,1935,中共特工，1929年西博会特种陈列所主事者,hupan,1929年首届西湖博览会期间，坚匏别墅作「特种陈列所」，钱壮飞在此主持相关事务。
su-man-shu,苏曼殊,1884—1918,1884,1918,诗僧，新新旅馆常客，墓在孤山,hupan,在杭州多次落脚于白云庵、韬光庵、新新旅馆等处，自称「计余前后于此凡十三次」。1918年5月卒于上海，孙中山出资葬于孤山北麓。1964年墓被迁往马坡岭，与林启合葬，遗骨已无法找回。
qian-xun,钱恂,1853—1927,1853,1927,浙江图书馆馆长,hupan,任浙江图书馆馆长时看中孤山红楼防潮，经张宗祥、沈钧儒协调，把红楼征为《四库全书》藏书处。1915年主持「乙卯补抄」，借文津阁本为底本补抄文澜阁缺书。
zhang-zong-xiang,张宗祥,1882—1965,1882,1965,浙江图书馆馆长，西泠印社社长,hupan,1923—1924年主持文澜阁《四库全书》「癸亥补抄」。1956年任浙江图书馆馆长时提案恢复西泠印社，任筹备委员会主任委员；1963年西泠印社建社六十周年大会上任社长。
sha-meng-hai,沙孟海,1900—1992,1900,1992,书法家，西泠印社社长,hupan,1956年参与恢复西泠印社的筹备；1979年西泠印社七十五周年大会上任社长。1950年代起常到北山街69号史莽的集艺楼。
tang-bao-tai,唐宝泰,生卒年未详,,,逸云寄庐建造者,hupan,1927年在孤山路建逸云寄庐，三层中西合璧花园别墅，17个房间；1941年卖给上海商人东龙云（一作东云龙）。
lou-ding-lian,楼定濂,生卒年未详,,,栖霞岭小楼（黄宾虹旧居）房主,hupan,嵊县富商楼景晖之孙，留学比利时学化工，1936年毕业回国定居杭州，以妻子顾惠英名义用四根金条买下栖霞岭住宅。1950年去西北工作，1952年起把小楼租给黄宾虹一家。
wang-feng-gao,王丰镐,1858—1933,1858,1933,浙江洋务局总办、交涉使；省庐业主一说,hupan,字省三，做过浙江洋务局总办、浙江交涉使。多种来源称北山路36号省庐为其别墅，庐名取自其字；杭州网2013年称该宅已核实属陈希曾，另有吴山宝月山下另一座省庐属王丰镐之说。
chen-xi-ceng,陈希曾,1897—?,1897,,国民政府军务官员；省庐业主一说,hupan,字省夫，陈果夫、陈立夫的堂兄弟，任过上海市、汉口市警察局长和国民政府参军处总务局长。杭州网2013年称北山路36号省庐属其所有；去台湾后，房子由铁路局租作员工宿舍。
lian-quan,廉泉（廉惠卿）,1868—1931,1868,1931,小万柳堂（蒋庄）初建者,hupan,无锡人，字惠卿，号南湖，金石收藏家。与妻子吴芝瑛先在上海建小万柳堂，又在西湖苏堤南端建同名别墅，即后来的蒋庄；晚年家道困窘，把杭州、上海两处小万柳堂变卖。
jiang-guo-bang,蒋国榜（蒋苏庵）,?—1970,,1970,蒋庄主人,hupan,南京人，经营桐油等业。宣统年间买下廉氏小万柳堂，改建为兰陔别墅，即蒋庄。马一浮的学生，1950年4月请马一浮入住蒋庄。1970年去世后，子女把蒋庄和马一浮的遗物捐给国家。
sun-yi-zhai,孙翼斋,生卒年未详,,,知味观创办人,hupan,1913年与「义阿二」合伙在湖滨仁和路开办知味观，次年独资经营，以点心为主，兼做杭帮菜。
song-yong-ji,宋永基,生卒年未详,,,都锦生丝织厂资方代理人,hupan,都锦生的妻弟。抗战后与姐姐宋剑虹回杭恢复生产，任资方代理人；1954年1月10日（一说1953年12月2日）提出公私合营申请，合营后任副厂长。
de-ji,德济,生卒年未详,,,末任杭州将军，旗营主官,hupan,1911年11月5日旗营闭门抵抗，经傅墨正劝说数小时后允降；1912年2月16日与民政长褚辅成订立《浙省旗营善后办法》。投降后获准离开杭州。
chu-fu-cheng,褚辅成,1873—1948,1873,1948,浙江军政府民政长,hupan,1911年光复后任民政长，下令处决协领贵林父子。1912年2月16日与德济订立《浙省旗营善后办法》，没收旗营公产、旗地作为官产，旗民自造私宅准归本人所有。
yu-shao-fu,于少甫,生卒年未详,,,葛岭饭店经营者，工程师,hupan,1930年代初（1931或1933年）接手抱青别墅，设计装修后开设葛岭饭店（葛岭中西大饭店）。
