title,aliases,kind,author,era,note
大唐西域记,西域记,行记,玄奘述，辩机撰,唐 646,
大唐大慈恩寺三藏法师传,慈恩传|三藏法师传,僧传,慧立、彦悰,唐 688,
南朝寺考,,寺志,刘世珩,清,
咸淳临安志,,方志,潜说友,宋 咸淳,
乾道临安志,乾道志,方志,周淙,宋 乾道,
淳祐临安志,,方志,施谔,宋 淳祐,
高僧传,梁高僧传,僧传,慧皎,梁,
续高僧传,唐高僧传,僧传,道宣,唐,
宋高僧传,,僧传,赞宁,宋,
大明高僧传,,僧传,如惺,明,
新续高僧传,,僧传,喻谦,民国,
比丘尼传,,僧传,宝唱,梁,
名僧传,,僧传,宝唱,梁,
宋史,,正史,脱脱等,元,
梦粱录,,笔记,吴自牧,宋,
武林旧事,,笔记,周密,宋,
都城纪胜,,笔记,耐得翁,宋,
繁胜录,西湖老人繁胜录,笔记,西湖老人,宋,
癸辛杂识,,笔记,周密,宋,
齐东野语,,笔记,周密,宋,
海国图志,,地志,魏源,清 1842／1847／1852,
瀛环志略,瀛寰志略|瀛環志略,地志,徐继畬,清 1848,
建康实录,,史书,许嵩,唐,
景定建康志,,方志,周应合,宋 景定,
至正金陵新志,,方志,张铉,元 至正,
金陵梵刹志,,寺志,葛寅亮,明,
南朝佛寺志,,寺志,孙文川撰，陈作霖编,清,
明史,,正史,张廷玉等,清,
清史稿,,正史,赵尔巽等,民国,
汉书,,正史,班固,汉,
后汉书,续汉书,正史,范晔；志为司马彪《续汉书》,南朝宋,
史记,,正史,司马迁,汉,
三国志,,正史,陈寿,晋,
魏略,,史书,鱼豢,魏（佚，裴注引）,
晋书,,正史,房玄龄等,唐,
宋书,,正史,沈约,梁,
南齐书,齐书,正史,萧子显,梁,
梁书,,正史,姚思廉,唐,
陈书,,正史,姚思廉,唐,
魏书,,正史,魏收,北齐,
北齐书,,正史,李百药,唐,
南史,,正史,李延寿,唐,
北史,,正史,李延寿,唐,
隋书,,正史,魏徵等,唐,
旧唐书,,正史,刘昫等,后晋,
新唐书,,正史,欧阳修、宋祁,宋,
新五代史,,正史,欧阳修,宋,
元史,,正史,宋濂等,明,
金史,,正史,脱脱等,元,
资治通鉴,,编年,司马光,宋,
建炎以来系年要录,,编年,李心传,宋,
建炎以来朝野杂记,,杂史,李心传,宋,
左传,,经,（旧题）左丘明,先秦,
国语,,史书,（旧题）左丘明,先秦,
开元释教录,,经录,智昇,唐 730,
出三藏记集,,经录,僧祐,梁,
历代三宝纪,,经录,费长房,隋,
弘明集,,总集,僧祐,梁,
广弘明集,,总集,道宣,唐,
释氏稽古略,,佛史,觉岸,元,
佛祖统纪,,佛史,志磐,宋,
释门正统,,佛史,宗鉴,宋,
景德传灯录,,灯录,道原,宋,
祖堂集,,灯录,静、筠,五代,
善慧大士录,,语录,楼颖编,唐,
隋天台智者大师别传,智者大师别传,僧传,灌顶,隋,
国清百录,,文书,灌顶编,隋,
高僧法显传,法显传|佛国记,行记,法显,东晋,
唐大和上东征传,,僧传,真人元开,日本 779,
西湖游览志,,方志,田汝成,明,
西湖游览志余,,方志,田汝成,明,
吴郡志,,方志,范成大,宋,
宝庆四明志,,方志,罗濬,宋 宝庆,
嘉泰会稽志,,方志,施宿,宋 嘉泰,
嘉定镇江志,,方志,卢宪,宋 嘉定,
吴越备史,,史书,钱俨,宋,
六朝事迹编类,六朝事迹,地志,张敦颐,宋,
元和郡县图志,,地志,李吉甫,唐,
太平寰宇记,,地志,乐史,宋,
读史方舆纪要,,地志,顾祖禹,清,
水经注,,地志,郦道元,北魏,
洛阳伽蓝记,,地志,杨衒之,北魏,
通典,,政书,杜佑,唐,
宋会要辑稿,,政书,徐松辑,清,
太平御览,,类书,李昉等,宋,
艺文类聚,,类书,欧阳询,唐,
永乐大典,,类书,解缙等,明,
四库全书总目,四库提要,目录,纪昀等,清,
马可波罗行纪,马可|马可·波罗行纪|行纪,行记,马可·波罗口述，鲁斯蒂谦笔录,元 约 1298,
金楼子,,子书,萧绎,梁,
东坡全集,,文集,苏轼,宋,
文山集,,文集,文天祥,宋,
剑南诗稿,,文集,陆游,宋,
世说新语,,笔记,刘义庆,南朝宋,
酉阳杂俎,,笔记,段成式,唐,
梦溪笔谈,,笔记,沈括,宋,
鹤林玉露,,笔记,罗大经,宋,
南村辍耕录,,笔记,陶宗仪,元,
齐民要术,,农书,贾思勰,北魏,
博物志,,笔记,张华,晋,
岛夷志略,,地志,汪大渊,元,
诸蕃志,,地志,赵汝适,宋,
东西洋考,,地志,张燮,明,
海录,,地志,谢清高口述，杨炳南笔录,清,
坤舆图说,,地志,南怀仁,清 1674,
经行记,,行记,杜环（佚，《通典》引）,唐,
皇华四达记,,地志,贾耽（佚，《新唐书》引）,唐,
历代名画记,,画史,张彦远,唐,
法书要录,,书学,张彦远,唐,
宣和书谱,,书学,（宋内府）,宋,
集古录,,金石,欧阳修,宋,
金石录,,金石,赵明诚,宋,
全唐文,,总集,董诰等,清,
全唐诗,,总集,彭定求等,清,
开河记,,传奇,（旧题）韩偓,唐宋,
西游记,,小说,（旧题）吴承恩,明,
京杭运河史,,今人,姚汉源,1998,
中国历史地图集,,今人,谭其骧主编,1982,
南宋元明禅林僧宝传,,僧传,自融,清,
护法录,,文集,宋濂,明,
增集续传灯录,,灯录,南石文琇,明,
武林梵志,,寺志,吴之鲸,明,
灵隐寺志,,寺志,孙治,清,
天台山方外志,,寺志,传灯,明,
唐才子传,,传记,辛文房,元,
莲社高贤传,,僧传,（旧题）,宋,
汉魏两晋南北朝佛教史,,今人,汤用彤,1938,
金石录后序,,,,,
国保通览丨临安城遗址,,,,,
省諐録,,,,,
稼轩先生年谱,,,,,
吴地记,,,,,
华严经跋,,,,,
朱子年谱,,年谱,王懋竑,清,
兰亭记,,,,,
〈四洲志〉：近代中国最早的百科全书,,,,,
尚书故实,,,,,
周草窗年谱,,年谱,夏承焘,1955,
摄山栖霞寺碑,,,,,
东坡先生年谱,,年谱,王宗稷,宋,
杭州乞度牒开西湖状,,,,,
「丝绸之路」概念的形成及其在中国的传播,,,,,
云门寺记,,,,,
京师寺记,,,,,
历代法宝记,,,,,
钱塘六井记,,,,,
临安春雨初霁,,,,,
宁宗纪二,,,,,
京杭运河志（苏北段）,,,,,
江口晤林少穆制府,,,,,
书断,,,,,
指南录后序,,,,,
汴河怀古二首,,,,,
魏源生平概述,,,,,
魏源“师夷长技以制夷”思想再探,,,,,
〈海国图志〉初刻本刊行年代新考,,,,,
西史东渐与中国史学演进（1840—1927）,,,,,
宁波江北岸与晚清西学传播,,,,,
古微堂诗集,,,,,
明征君碑,,,,,
万寿阁记,,,,,
湖隐方圆叟舍利铭,,,,,
“西游戏”与〈西游记〉的传播,,,,,
〈西游记〉平话与〈西游记〉的民间性,,,,,
天界善世禅寺第四代觉原禅师遗衣塔铭,,,,,
元故演福教寺住持瞽庵讲师示公道行碑铭,,,,,
日本梦窗正宗普济国师碑铭,,,,,
看，杭州的十座城门复原了！,,,,,
南宋京城四图中的厢与坊,,,,,
景灵宫,,,,,
高宗纪九,,,,,
礼志十,,,,,
唐义士传,,,,,
百官志七,,,,,
白氏长庆集,,,,,
发愿文,,,,,
二入四行论,,,,,
表忠观碑,,,,,
高宗纪三,,,,,
打马图经序,,,,,
武陵春,,,,,
陆游年谱,,年谱,于北山,1961,
夜归塼街巷书事,,,,,
辛弃疾传,,,,,
稼轩词编年笺注,,,,,
纪年录,,,,,
过零丁洋,,,,,
关于马可波罗离华的一段汉文记载,,,,,
故巩县令白府君事状,,,,,
汴河路有感,,,,,
隋堤柳,,,,,
茅城驿,,,,,
长相思,,,,,
蒋友仁的〈坤舆全图〉与〈地球图说〉,,,,,
Bits of Old China,,,,,
〈海国图志〉的三个版本考论,,,,,
〈海国图志〉的三个版本,,,,,
墙内开花墙外香：〈海国图志〉在日本的流传与命运,,,,,
重刻海国图志序,,,,,
嘉兴府志,,,,,
中国历史地理概述,,,,,
中国大运河,,,,,
舆地志,,,,,
无锡县志,,,,,
惠山寺记,,,,,
姑苏志,,,,,
寒山寺志,,,,,
长洲县志,,,,,
招韬光禅师,,,,,
云栖志,,,,,
莲池大师塔铭,,,,,
明州阿育王山志,,,,,
天童寺志,,,,,
北魏洛阳永宁寺,,,,,
龙门石窟,,,,,
后魏孝文帝故希玄寺之碑,,,,,
巩县石窟寺,,,,,
响堂山石窟,,,,,
天龙山石窟分期研究,,,,,
秦州天水郡麦积崖佛龛铭,,,,,
李克让修莫高窟佛龛碑,,,,,
敦煌石窟内容总录,,,,,
嵩岳寺碑,,,,,
中国文物地图集,,,,,
河北临漳县邺城遗址赵彭城北朝佛寺2010–2011年的发掘,,,,,
河北邺城遗址赵彭城北朝佛寺与北吴庄佛教造像埋藏坑,,,,,
大同方山北魏永固陵,,,,,
青州龙兴寺佛教造像窖藏清理简报,,,,,
司空公青州刺史临淮王像碑,,,,,
中国石窟,,,,,
须弥山石窟内容总录,,,,,
元景造像碑,,,,,
韩贵和造像碑,,,,,
义县万佛堂石窟,,,,,
河北曲阳县出土石像清理工作简报,,,,,
曲阳白石造像研究,,,,,
还至于阗国进表,,,,,
玄奘三藏关联年表,,,,,
南京沦陷时期玄奘遗骨出土始末,,,,,
榆林窟第3窟,,,,,
鲁迅与〈大唐三藏法师取经记〉版本之疑,,,,,
〈西游记〉杂剧：对〈西游记〉戏曲阶段的再认识,,,,,
世德堂本的版本意义,,,,,
〈西游记〉的作者是吴承恩？,,,,,
住持净慈禅寺孤峰德公塔铭,,,,,
嘉定赤城志,,,,,
南宋临安的政教调和,,,,,
三面云山一面城,,,,,
杭州新城碑,,金石,贡师泰,元 1359,
南宋都城临安,,,,,
China（Richthofen）,,今人,Ferdinand von Richthofen,1877,「丝绸之路」一名出处
伊本·白图泰游记,,行记,伊本·白图泰口述，伊本·朱赞笔录,1355,
战史（Procopius）,,史书,Procopius,6 世纪,
鄂多立克东游录,,行记,鄂多立克,约 1330,
Cathay and the Way Thither,,今人,Henry Yule,1866／1913–16,
天工开物,,谱录,宋应星,明 1637,十八卷，记物产与工艺。殆知阁本无自序。
宣和乙巳奉使行程录,奉使行程录|许亢宗行程录,行记,许亢宗,宋,宣和七年（乙巳，1125）许亢宗使金所上，逐程记里数与馆驿，白沟以北三十九程。原书不传，全文见《三朝北盟会编》卷二十引；《大金国志》卷四十亦收，两本各有脱简。
坤舆万国全图,坤輿萬國全圖,地图,利玛窦、李之藻,明 1602,
职方外纪,職方外紀,地志,艾儒略,明 1623,
坤舆全图,坤輿全圖,地图,南怀仁,清 1674,
杭州府志,,方志,陈善等纂（万历本）,明 1579,
浙江通志,,方志,嵇曾筠、沈翼机等纂（雍正本）,清 1736,
钱塘湖石记,,金石,白居易,唐 824,
